date,p1,p2,p3,p4,number
2018-11-28,2,9,5,3,2953
2018-12-12,4,3,4,7,4347
2019-01-02,4,1,6,0,4160
2019-01-03,5,8,3,8,5838
2019-01-04,9,2,2,2,9222
2019-01-05,0,0,7,9,0079
2019-01-07,7,8,9,5,7895
2019-01-08,2,4,3,1,2431
2019-01-09,1,2,9,0,1290
2019-01-10,3,8,4,9,3849
2019-01-11,0,8,5,9,0859
2019-01-12,3,5,8,7,3587
2019-01-14,2,6,0,9,2609
2019-01-15,0,4,8,4,0484
2019-01-16,3,3,1,5,3315
2019-01-17,3,2,6,0,3260
2019-01-18,5,3,5,8,5358
2019-01-19,6,3,2,6,6326
2019-01-21,6,0,4,7,6047
2019-01-22,1,6,8,9,1689
2019-01-23,3,2,9,2,3292
2019-01-24,1,9,5,9,1959
2019-01-25,0,5,0,6,0506
2019-01-26,0,4,5,9,0459
2019-01-28,4,1,7,1,4171
2019-01-29,2,0,1,4,2014
2019-01-30,0,3,5,9,0359
2019-01-31,2,0,1,8,2018
2019-02-02,7,4,8,7,7487
2019-02-04,5,2,7,3,5273
2019-02-05,6,8,0,3,6803
2019-02-07,6,5,8,4,6584
2019-02-08,9,7,4,0,9740
2019-02-08,7,7,3,0,7730
2019-02-09,2,6,8,8,2688
2019-02-11,0,1,0,6,0106
2019-02-12,3,7,7,9,3779
2019-02-13,4,5,2,7,4527
2019-02-14,0,5,5,0,0550
2019-02-15,2,1,0,4,2104
2019-02-16,5,9,5,7,5957
2019-02-18,0,2,3,4,0234
2019-02-19,4,9,7,1,4971
2019-02-20,4,6,8,4,4684
2019-02-21,5,5,2,0,5520
2019-02-22,1,5,0,8,1508
2019-02-23,0,1,0,2,0102
2019-02-25,6,1,7,2,6172
2019-02-26,8,1,1,5,8115
2019-02-27,7,3,0,8,7308
2019-02-28,8,2,7,7,8277
2019-03-01,6,6,3,8,6638
2019-03-02,6,9,8,7,6987
2019-03-04,4,5,2,9,4529
2019-03-05,7,9,9,2,7992
2019-03-06,2,6,7,6,2676
2019-03-07,6,1,1,2,6112
2019-03-08,2,8,4,6,2846
2019-03-09,4,1,5,8,4158
2019-03-11,1,1,0,9,1109
2019-03-12,0,1,2,5,0125
2019-03-13,8,3,0,9,8309
2019-03-14,2,7,4,0,2740
2019-03-15,0,6,0,8,0608
2019-03-16,3,1,2,1,3121
2019-03-18,9,9,3,7,9937
2019-03-19,0,9,8,9,0989
2019-03-20,8,1,7,6,8176
2019-03-21,5,2,4,1,5241
2019-03-22,3,6,9,0,3690
2019-03-23,5,9,4,9,5949
2019-03-25,6,4,7,4,6474
2019-03-26,2,8,1,3,2813
2019-03-27,3,6,9,9,3699
2019-03-28,6,7,9,7,6797
2019-03-29,6,4,7,3,6473
2019-03-30,2,2,6,6,2266
2019-04-01,5,6,1,5,5615
2019-04-02,6,1,5,4,6154
2019-04-08,7,5,0,4,7504
2019-04-09,9,7,2,6,9726
2019-04-10,6,7,9,9,6799
2019-04-11,9,3,6,4,9364
2019-04-12,6,7,4,9,6749
2019-04-13,4,1,1,9,4119
2019-04-15,9,1,2,9,9129
2019-04-16,6,5,9,3,6593
2019-04-17,8,8,7,5,8875
2019-04-18,5,5,0,9,5509
2019-04-20,2,0,1,0,2010
2019-04-22,1,5,7,7,1577
2019-04-23,0,6,7,0,0670
2019-04-24,1,2,7,9,1279
2019-04-25,9,0,5,6,9056
2019-04-26,0,5,4,4,0544
2019-04-27,2,0,8,6,2086
2019-04-29,6,6,9,4,6694
2019-04-30,7,5,3,0,7530
2019-05-01,4,7,7,2,4772
2019-05-02,0,9,1,2,0912
2019-05-03,6,0,8,5,6085
2019-05-04,6,9,1,1,6911
2019-05-06,7,7,0,4,7704
2019-05-07,4,9,1,1,4911
2019-05-08,1,2,5,1,1251
2019-05-09,7,3,2,8,7328
2019-05-10,1,8,0,1,1801
2019-05-11,0,5,4,8,0548
2019-05-13,1,6,7,0,1670
2019-05-14,8,7,2,7,8727
2019-05-15,0,6,1,3,0613
2019-05-16,4,8,5,4,4854
2019-05-17,9,0,8,7,9087
2019-05-18,7,6,3,2,7632
2019-05-20,4,6,3,9,4639
2019-05-21,2,9,1,5,2915
2019-05-22,8,0,1,8,8018
2019-05-23,8,5,4,6,8546
2019-05-24,5,2,3,9,5239
2019-05-25,5,3,7,9,5379
2019-05-27,5,0,6,3,5063
2019-05-28,0,6,2,4,0624
2019-05-29,8,5,1,4,8514
2019-05-30,6,4,4,6,6446
2019-05-31,9,8,7,5,9875
2019-06-01,7,4,0,1,7401
2019-06-03,6,0,8,7,6087
2019-06-04,6,8,1,4,6814
2019-06-05,0,4,3,6,0436
2019-06-06,6,5,3,2,6532
2019-06-07,6,7,2,6,6726
2019-06-08,0,8,5,7,0857
2019-06-10,5,4,6,4,5464
2019-06-11,4,0,1,0,4010
2019-06-12,8,2,6,7,8267
2019-06-13,5,0,3,7,5037
2019-06-14,6,7,6,3,6763
2019-06-15,4,8,5,9,4859
2019-06-17,6,2,4,1,6241
2019-06-18,5,0,6,6,5066
2019-06-19,1,2,5,7,1257
2019-06-20,0,2,3,8,0238
2019-06-21,2,7,6,4,2764
2019-06-22,9,5,7,9,9579
2019-06-24,2,3,7,2,2372
2019-06-25,1,4,9,0,1490
2019-06-26,8,5,5,0,8550
2019-06-27,4,9,1,2,4912
2019-06-28,9,5,0,0,9500
2019-06-29,1,2,3,9,1239
2019-07-01,8,7,9,2,8792
2019-07-02,9,2,6,8,9268
2019-07-03,6,9,2,3,6923
2019-07-05,7,0,2,4,7024
2019-07-06,1,8,6,3,1863
2019-07-08,1,9,4,8,1948
2019-07-09,0,0,5,9,0059
2019-07-10,3,6,7,7,3677
2019-07-11,9,8,7,4,9874
2019-07-12,1,1,3,1,1131
2019-07-13,2,9,0,2,2902
2019-07-15,6,6,9,1,6691
2019-07-16,1,6,8,1,1681
2019-07-17,6,5,1,1,6511
2019-07-18,4,4,4,8,4448
2019-07-26,2,3,1,7,2317
2019-07-29,0,7,2,9,0729
2019-07-30,9,8,5,8,9858
2019-08-01,1,9,5,3,1953
2019-08-02,9,9,6,1,9961
2019-08-03,1,4,0,3,1403
2019-08-05,0,5,3,9,0539
2019-08-06,9,6,0,3,9603
2019-08-07,2,6,4,1,2641
2019-08-08,3,5,4,5,3545
2019-08-09,4,7,5,1,4751
2019-08-10,5,9,8,5,5985
2019-08-12,2,9,4,3,2943
2019-08-13,3,2,2,7,3227
2019-08-14,9,5,2,7,9527
2019-08-15,2,5,6,4,2564
2019-08-16,5,5,9,4,5594
2019-08-17,1,4,4,6,1446
2019-08-19,5,2,1,1,5211
2019-08-20,2,5,0,6,2506
2019-08-21,6,7,7,6,6776
2019-08-22,0,2,4,9,0249
2019-08-23,3,3,6,5,3365
2019-08-24,6,6,7,0,6670
2019-08-26,5,4,8,4,5484
2019-08-27,5,9,7,6,5976
2019-08-28,6,9,0,9,6909
2019-08-29,1,5,8,6,1586
2019-08-30,4,1,2,5,4125
2019-08-31,3,0,5,6,3056
2019-09-02,8,1,7,5,8175
2019-09-03,2,1,7,8,2178
2019-09-04,8,1,0,3,8103
2019-09-05,3,0,7,6,3076
2019-09-06,2,9,7,8,2978
2019-09-07,3,4,7,9,3479
2019-09-09,4,8,3,8,4838
2019-09-10,5,8,3,4,5834
2019-09-11,7,5,5,1,7551
2019-09-12,0,3,8,1,0381
2019-09-13,4,4,8,1,4481
2019-09-14,7,0,2,3,7023
2019-09-16,2,4,3,1,2431
2019-09-17,8,3,0,2,8302
2019-09-18,7,1,5,6,7156
2019-09-19,8,9,2,5,8925
2019-09-20,7,8,9,6,7896
2019-09-21,3,8,0,7,3807
2019-09-23,9,8,6,4,9864
2019-09-24,8,3,6,0,8360
2019-09-25,5,3,4,0,5340
2019-09-26,2,5,5,9,2559
2019-09-27,0,0,8,0,0080
2019-09-28,8,6,0,5,8605
2019-09-30,8,6,9,1,8691
2019-10-01,1,4,4,6,1446
2019-10-02,9,9,7,7,9977
2019-10-03,9,4,5,1,9451
2019-10-05,0,6,5,6,0656
2019-10-07,0,8,6,8,0868
2019-10-08,6,3,8,7,6387
2019-10-09,9,4,6,7,9467
2019-10-10,1,1,7,7,1177
2019-10-11,1,5,2,2,1522
2019-10-12,7,2,6,7,7267
2019-10-14,7,6,7,8,7678
2019-10-15,5,4,2,5,5425
2019-10-16,7,1,3,1,7131
2019-10-17,3,4,8,8,3488
2019-10-18,6,5,0,0,6500
2019-10-19,6,2,0,7,6207
2019-10-21,3,4,4,9,3449
2019-10-22,8,3,4,5,8345
2019-10-23,9,5,5,3,9553
2019-10-24,5,5,3,5,5535
2019-10-25,9,4,4,4,9444
2019-10-26,1,7,2,6,1726
2019-10-28,1,1,1,1,1111
2019-10-29,8,2,5,1,8251
2019-10-30,3,4,6,4,3464
2019-10-31,5,0,4,2,5042
2019-11-01,0,7,6,2,0762
2019-11-02,0,0,9,5,0095
2019-11-04,3,7,1,4,3714
2019-11-05,2,0,3,0,2030
2019-11-06,6,1,0,2,6102
2019-11-07,7,1,7,0,7170
2019-11-08,8,2,2,3,8223
2019-11-09,9,2,8,0,9280
2019-11-11,9,1,4,8,9148
2019-11-12,2,5,7,9,2579
2019-11-13,4,2,2,9,4229
2019-11-14,1,2,3,0,1230
2019-11-15,4,4,4,4,4444
2019-11-16,4,2,3,1,4231
2019-11-18,2,0,5,8,2058
2019-11-19,7,2,1,2,7212
2019-11-20,6,8,8,6,6886
2019-11-21,2,3,9,3,2393
2019-11-22,4,5,1,0,4510
2019-11-23,6,9,9,9,6999
2019-11-25,4,7,5,8,4758
2019-11-26,7,8,9,0,7890
2019-11-27,0,3,3,5,0335
2019-11-29,4,9,3,7,4937
2019-11-30,6,2,4,5,6245
2019-12-02,4,1,2,1,4121
2019-12-03,7,3,5,2,7352
2019-12-04,5,8,1,2,5812
2019-12-05,0,6,0,4,0604
2019-12-06,7,4,2,7,7427
2019-12-07,7,5,9,2,7592
2019-12-09,7,4,7,7,7477
2019-12-10,0,6,1,5,0615
2019-12-11,0,8,6,6,0866
2019-12-12,9,8,1,1,9811
2019-12-13,6,6,1,4,6614
2019-12-14,8,7,9,6,8796
2019-12-16,4,8,8,5,4885
2019-12-17,7,3,2,6,7326
2019-12-18,4,2,7,1,4271
2019-12-19,4,5,8,7,4587
2019-12-20,4,5,5,7,4557
2019-12-21,6,3,3,2,6332
2019-12-23,2,6,4,0,2640
2019-12-24,0,1,2,4,0124
2019-12-26,3,6,8,5,3685
2019-12-27,9,3,4,9,9349
2019-12-28,6,6,5,3,6653
2019-12-30,4,7,1,2,4712
2019-12-31,9,1,1,2,9112
2020-01-03,7,6,5,2,7652
2020-01-04,9,1,5,8,9158
2020-01-07,3,0,5,1,3051
2020-01-09,6,6,2,3,6623
2020-01-10,6,9,6,0,6960
2020-01-11,0,9,1,0,0910
2020-01-13,1,5,4,9,1549
2020-01-14,7,1,6,8,7168
2020-01-15,9,7,8,6,9786
2020-01-16,6,5,8,7,6587
2020-01-17,6,4,5,5,6455
2020-01-18,4,6,9,0,4690
2020-01-21,9,9,1,8,9918
2020-01-22,8,4,4,2,8442
2020-01-23,3,7,6,3,3763
2020-01-24,6,0,3,7,6037
2020-01-25,6,9,5,1,6951
2020-01-27,6,9,2,3,6923
2020-01-28,3,9,8,4,3984
2020-01-29,3,6,4,4,3644
2020-01-30,4,3,8,8,4388
2020-02-01,7,8,8,0,7880
2020-02-03,5,2,9,0,5290
2020-02-04,4,2,5,3,4253
2020-02-05,1,0,6,6,1066
2020-02-06,6,9,6,2,6962
2020-02-07,7,1,1,4,7114
2020-02-08,6,0,0,9,6009
2020-02-10,6,6,5,6,6656
2020-02-11,1,6,4,5,1645
2020-02-12,6,9,9,5,6995
2020-02-13,5,0,5,9,5059
2020-02-14,3,9,9,9,3999
2020-02-15,1,7,8,9,1789
2020-02-17,9,9,6,0,9960
2020-02-18,4,3,4,2,4342
2020-02-19,6,0,1,8,6018
2020-02-20,3,1,1,6,3116
2020-02-21,0,0,3,2,0032
2020-02-22,2,7,6,0,2760
2020-02-24,3,0,9,9,3099
2020-02-25,4,5,3,5,4535
2020-02-26,6,6,2,3,6623
2020-02-27,5,9,6,5,5965
2020-02-28,0,5,7,5,0575
2020-02-29,5,3,3,2,5332
2020-03-02,0,5,7,8,0578
2020-03-03,5,1,6,9,5169
2020-03-04,7,4,1,9,7419
2020-03-05,7,5,2,5,7525
2020-03-06,9,5,3,8,9538
2020-03-07,1,2,1,5,1215
2020-03-09,7,3,3,9,7339
2020-03-10,7,6,4,4,7644
2020-03-11,6,0,3,4,6034
2020-03-12,3,2,7,4,3274
2020-03-13,2,6,3,5,2635
2020-03-14,6,6,5,3,6653
2020-03-16,4,6,6,8,4668
2020-03-17,3,1,7,6,3176
2020-03-18,2,8,3,0,2830
2020-03-19,8,8,0,1,8801
2020-03-20,9,8,2,0,9820
2020-03-21,1,2,5,0,1250
2020-03-23,8,1,1,9,8119
2020-03-24,7,2,7,9,7279
2020-03-25,5,2,4,5,5245
2020-03-26,4,2,4,6,4246
2020-03-27,0,4,3,8,0438
2020-03-28,8,4,2,3,8423
2020-03-30,3,2,4,7,3247
2020-03-31,6,0,0,4,6004
2020-04-01,6,1,2,6,6126
2020-04-02,4,3,6,5,4365
2020-04-03,2,2,8,3,2283
2020-04-04,6,3,3,0,6330
2020-04-06,5,0,6,4,5064
2020-04-07,2,0,9,5,2095
2020-04-08,4,9,9,0,4990
2020-04-09,0,2,3,0,0230
2020-04-11,4,8,8,5,4885
2020-04-13,0,5,0,6,0506
2020-04-14,0,2,6,0,0260
2020-04-15,9,4,0,9,9409
2020-04-16,7,8,6,3,7863
2020-04-17,1,0,2,0,1020
2020-04-18,4,6,7,9,4679
2020-04-20,3,2,1,7,3217
2020-04-21,2,7,1,4,2714
2020-04-22,0,7,4,9,0749
2020-04-23,0,1,1,3,0113
2020-04-24,3,1,2,0,3120
2020-04-25,7,4,1,7,7417
2020-04-27,2,7,9,8,2798
2020-04-28,4,0,2,1,4021
2020-04-29,2,8,5,1,2851
2020-04-30,3,5,3,8,3538
2020-05-01,3,8,4,2,3842
2020-05-02,8,4,7,0,8470
2020-05-04,8,2,5,9,8259
2020-05-05,3,1,9,3,3193
2020-05-06,1,8,5,7,1857
2020-05-07,0,0,1,8,0018
2020-05-08,1,4,6,6,1466
2020-05-09,8,2,0,5,8205
2020-05-11,3,5,8,5,3585
2020-05-12,9,5,5,4,9554
2020-05-13,2,0,4,5,2045
2020-05-14,4,2,4,2,4242
2020-05-15,2,7,9,5,2795
2020-05-17,7,3,3,8,7338
2020-05-18,6,6,2,5,6625
2020-05-19,8,0,3,7,8037
2020-05-20,2,1,5,6,2156
2020-05-21,1,6,1,3,1613
2020-05-22,0,7,6,0,0760
2020-05-23,9,9,3,9,9939
2020-05-25,4,2,0,5,4205
2020-05-26,3,8,3,5,3835
2020-05-27,3,1,0,4,3104
2020-05-28,9,6,0,7,9607
2020-05-29,6,4,7,1,6471
2020-05-30,3,1,2,8,3128
2020-06-01,2,7,5,1,2751
2020-06-02,0,0,6,5,0065
2020-06-03,7,0,0,9,7009
2020-06-04,9,5,3,1,9531
2020-06-05,5,5,9,6,5596
2020-06-06,2,5,1,5,2515
2020-06-08,9,9,5,0,9950
2020-06-09,1,9,4,0,1940
2020-06-10,7,4,5,5,7455
2020-06-11,0,8,1,1,0811
2020-06-12,7,7,7,0,7770
2020-06-15,1,6,8,9,1689
2020-06-15,2,1,7,4,2174
2020-06-16,2,4,5,1,2451
2020-06-17,3,2,7,7,3277
2020-06-18,1,9,4,4,1944
2020-06-19,4,1,6,9,4169
2020-06-20,8,3,4,7,8347
2020-06-22,1,1,8,5,1185
2020-06-23,3,1,2,7,3127
2020-06-24,1,1,4,8,1148
2020-06-25,3,6,9,5,3695
2020-06-26,5,8,8,9,5889
2020-06-27,0,7,6,6,0766
2020-06-29,7,5,8,5,7585
2020-06-30,4,8,9,7,4897
2020-07-01,3,7,4,6,3746
2020-07-02,1,6,3,4,1634
2020-07-03,6,7,2,3,6723
2020-07-06,0,4,6,9,0469
2020-07-07,3,5,8,2,3582
2020-07-08,7,4,1,0,7410
2020-07-09,1,8,9,4,1894
2020-07-10,6,4,5,3,6453
2020-07-11,1,8,4,0,1840
2020-07-13,1,7,2,1,1721
2020-07-14,4,0,5,3,4053
2020-07-15,2,1,8,9,2189
2020-07-16,0,7,0,6,0706
2020-07-17,3,7,5,1,3751
2020-07-18,8,0,7,4,8074
2020-07-20,5,9,8,6,5986
2020-07-21,9,8,2,3,9823
2020-07-22,5,7,6,2,5762
2020-07-23,7,1,4,2,7142
2020-07-24,2,7,6,8,2768
2020-07-25,5,4,9,2,5492
2020-07-27,2,1,5,6,2156
2020-07-28,8,5,9,7,8597
2020-07-29,7,8,7,3,7873
2020-07-31,1,0,2,5,1025
2020-08-01,6,0,5,1,6051
2020-08-03,7,6,5,0,7650
2020-08-04,0,7,8,6,0786
2020-08-05,8,9,2,8,8928
2020-08-06,9,1,3,2,9132
2020-08-07,0,0,6,4,0064
2020-08-08,4,4,3,0,4430
2020-08-10,2,9,3,3,2933
2020-08-11,9,0,7,5,9075
2020-08-12,8,5,4,2,8542
2020-08-13,0,5,3,2,0532
2020-08-14,0,6,0,5,0605
2020-08-15,3,7,9,6,3796
2020-08-17,1,4,9,8,1498
2020-08-18,3,7,9,1,3791
2020-08-19,0,1,3,1,0131
2020-08-20,0,5,4,1,0541
2020-08-21,6,0,1,4,6014
2020-08-26,9,7,3,5,9735
2020-08-27,8,6,8,1,8681
2020-08-28,2,0,7,0,2070
2020-08-29,5,0,0,9,5009
2020-08-31,5,8,3,2,5832
2020-09-01,2,9,8,3,2983
2020-09-02,1,8,7,3,1873
2020-09-03,0,7,2,3,0723
2020-09-04,9,1,4,9,9149
2020-09-05,3,2,4,6,3246
2020-09-07,6,6,4,2,6642
2020-09-08,4,0,6,2,4062
2020-09-09,0,2,1,0,0210
2020-09-10,1,2,2,9,1229
2020-09-11,0,7,4,3,0743
2020-09-12,8,7,1,8,8718
2020-09-14,5,8,4,2,5842
2020-09-15,8,3,6,4,8364
2020-09-16,9,7,9,4,9794
2020-09-17,1,1,2,7,1127
2020-09-18,1,5,7,1,1571
2020-09-19,7,7,7,7,7777
2020-09-21,1,9,7,6,1976
2020-09-22,3,7,0,5,3705
2020-09-23,5,1,8,8,5188
2020-09-24,2,4,1,7,2417
2020-09-25,0,0,5,1,0051
2020-09-26,5,5,3,6,5536
2020-09-28,4,5,0,4,4504
2020-09-29,7,4,3,9,7439
2020-09-30,5,1,9,0,5190
2020-10-01,9,0,2,7,9027
2020-10-02,7,6,2,1,7621
2020-10-03,2,2,1,8,2218
2020-10-05,5,8,3,8,5838
2020-10-06,7,6,2,8,7628
2020-10-07,6,6,9,7,6697
2020-10-08,3,4,1,6,3416
2020-10-09,3,5,7,4,3574
2020-10-10,2,7,8,4,2784
2020-10-12,7,4,6,0,7460
2020-10-13,2,7,6,8,2768
2020-10-14,8,7,0,6,8706
2020-10-15,9,9,2,0,9920
2020-10-16,5,9,0,5,5905
2020-10-17,4,7,5,4,4754
2020-10-19,3,3,2,0,3320
2020-10-20,1,8,5,9,1859
2020-10-21,5,4,7,5,5475
2020-10-22,6,0,4,0,6040
2020-10-23,2,1,2,0,2120
2020-10-24,9,2,8,7,9287
2020-10-26,6,0,4,5,6045
2020-10-27,1,2,9,2,1292
2020-10-28,5,0,4,1,5041
2020-10-29,1,0,2,5,1025
2020-10-30,0,2,7,4,0274
2020-10-31,2,2,6,8,2268
2020-11-02,6,2,9,7,6297
2020-11-04,1,8,7,7,1877
2020-11-05,5,7,5,3,5753
2020-11-06,6,5,8,7,6587
2020-11-07,7,6,8,1,7681
2020-11-09,4,7,7,7,4777
2020-11-10,4,0,0,0,4000
2020-11-11,5,1,0,5,5105
2020-11-12,5,8,9,1,5891
2020-11-13,1,8,2,2,1822
2020-11-14,1,0,2,4,1024
2020-11-16,3,0,7,2,3072
2020-11-17,4,4,1,0,4410
2020-11-18,6,1,3,9,6139
2020-11-19,9,8,2,0,9820
2020-11-20,2,3,6,0,2360
2020-11-21,2,8,0,8,2808
2020-11-23,2,7,2,3,2723
2020-11-24,1,9,6,2,1962
2020-11-25,1,8,6,7,1867
2020-11-27,4,5,0,7,4507
2020-11-28,1,3,2,6,1326
2020-11-30,5,6,5,7,5657
2020-12-01,8,8,9,4,8894
2020-12-02,5,5,4,0,5540
2020-12-03,8,0,8,0,8080
2020-12-04,7,4,9,1,7491
2020-12-05,8,9,7,1,8971
2020-12-07,9,3,6,2,9362
2020-12-08,5,7,5,9,5759
2020-12-09,6,5,7,4,6574
2020-12-10,7,5,7,0,7570
2020-12-11,0,0,2,9,0029
2020-12-12,1,4,6,9,1469
2020-12-14,2,5,2,1,2521
2020-12-15,0,0,8,6,0086
2020-12-16,5,0,0,7,5007
2020-12-17,9,7,4,2,9742
2020-12-18,7,5,0,8,7508
2020-12-19,5,7,9,0,5790
2020-12-21,7,1,1,9,7119
2020-12-22,7,1,0,1,7101
2020-12-23,9,9,6,0,9960
2020-12-24,4,9,5,3,4953
2020-12-26,1,5,3,2,1532
2020-12-28,5,5,4,9,5549
2020-12-29,9,0,0,3,9003
2020-12-30,6,7,8,5,6785
2020-12-31,8,5,4,2,8542
2021-01-02,4,9,7,7,4977
2021-01-04,3,5,2,6,3526
2021-01-05,0,0,9,2,0092
2021-01-07,4,6,2,9,4629
2021-01-08,2,8,5,5,2855
2021-01-09,7,6,7,3,7673
2021-01-11,2,3,8,9,2389
2021-01-12,8,9,6,5,8965
2021-01-13,2,0,0,3,2003
2021-01-14,6,6,7,9,6679
2021-01-15,6,1,2,9,6129
2021-01-16,6,6,9,2,6692
2021-01-18,7,6,6,3,7663
2021-01-19,6,3,3,2,6332
2021-01-20,1,0,6,9,1069
2021-01-21,7,3,1,2,7312
2021-01-22,0,1,4,2,0142
2021-01-23,1,9,4,3,1943
2021-01-25,5,2,0,8,5208
2021-01-26,2,4,6,6,2466
2021-01-27,2,8,0,9,2809
2021-01-28,3,9,4,7,3947
2021-01-29,6,6,8,7,6687
2021-01-30,2,1,7,4,2174
2021-02-01,3,3,8,5,3385
2021-02-02,6,4,7,4,6474
2021-02-03,2,1,6,2,2162
2021-02-04,8,5,8,3,8583
2021-02-05,7,0,1,7,7017
2021-02-06,1,9,5,0,1950
2021-02-08,9,0,5,5,9055
2021-02-09,3,7,8,4,3784
2021-02-10,4,6,7,5,4675
2021-02-11,1,3,3,4,1334
2021-02-12,6,6,0,1,6601
2021-02-13,4,1,9,7,4197
2021-02-15,2,5,1,7,2517
2021-02-16,4,4,8,5,4485
2021-02-19,1,3,8,9,1389
2021-02-20,7,1,9,1,7191
2021-02-22,5,2,3,1,5231
2021-02-23,1,4,9,7,1497
2021-02-24,4,7,9,3,4793
2021-02-25,8,6,3,0,8630
2021-02-26,8,9,0,6,8906
2021-02-27,5,9,9,5,5995
2021-03-01,7,3,4,8,7348
2021-03-02,0,7,9,4,0794
2021-03-03,0,3,9,8,0398
2021-03-04,5,7,3,7,5737
2021-03-05,7,9,3,5,7935
2021-03-06,2,1,5,0,2150
2021-03-08,3,8,5,6,3856
2021-03-09,1,0,3,6,1036
2021-03-10,8,4,3,5,8435
2021-03-11,3,9,3,8,3938
2021-03-12,5,7,4,5,5745
2021-03-13,0,9,5,0,0950
2021-03-15,2,6,1,1,2611
2021-03-16,5,4,1,6,5416
2021-03-17,6,0,8,3,6083
2021-03-18,0,1,7,6,0176
2021-03-19,2,7,3,8,2738
2021-03-20,1,5,3,1,1531
2021-03-22,5,6,2,0,5620
2021-03-23,9,7,0,4,9704
2021-03-24,7,0,4,3,7043
2021-03-25,9,4,9,8,9498
2021-03-26,6,2,7,7,6277
2021-03-27,1,2,3,0,1230
2021-03-29,4,6,4,5,4645
2021-03-30,6,2,1,4,6214
2021-03-31,6,0,3,6,6036
2021-04-01,5,8,0,2,5802
2021-04-03,3,9,1,6,3916
2021-04-05,8,7,8,2,8782
2021-04-06,3,1,4,3,3143
2021-04-07,2,0,1,1,2011
2021-04-08,5,5,0,3,5503
2021-04-09,9,6,5,9,9659
2021-04-10,3,8,3,3,3833
2021-04-12,9,5,5,7,9557
2021-04-13,9,0,4,8,9048
2021-04-14,4,7,3,5,4735
2021-04-15,2,5,3,3,2533
2021-04-16,3,5,3,4,3534
2021-04-17,7,8,5,9,7859
2021-04-19,2,6,4,0,2640
2021-04-20,4,7,2,5,4725
2021-04-21,5,9,0,2,5902
2021-04-22,3,6,8,7,3687
2021-04-23,7,3,5,2,7352
2021-04-24,4,0,7,7,4077
2021-04-26,9,8,5,2,9852
2021-04-27,1,8,1,3,1813
2021-04-28,5,5,8,5,5585
2021-04-29,9,3,2,2,9322
2021-04-30,4,7,2,7,4727
2021-05-01,6,7,2,2,6722
2021-05-03,5,1,0,7,5107
2021-05-04,1,5,7,6,1576
2021-05-05,7,6,8,9,7689
2021-05-06,0,9,9,6,0996
2021-05-07,1,4,9,9,1499
2021-05-08,6,5,4,7,6547
2021-05-10,3,7,0,4,3704
2021-05-11,6,4,3,8,6438
2021-05-12,4,8,6,5,4865
2021-05-13,8,0,6,3,8063
2021-05-14,0,9,0,6,0906
2021-05-15,3,2,7,0,3270
2021-05-17,7,0,2,6,7026
2021-05-18,6,2,5,7,6257
2021-05-19,4,9,5,8,4958
2021-05-20,1,7,0,6,1706
2021-05-21,5,9,0,5,5905
2021-05-22,2,9,4,8,2948
2021-05-24,5,5,6,7,5567
2021-05-25,0,0,7,8,0078
2021-05-26,2,3,6,1,2361
2021-05-27,5,1,5,0,5150
2021-05-28,8,8,8,2,8882
2021-05-29,8,1,5,0,8150
2021-05-31,1,2,3,7,1237
2021-06-01,4,6,7,1,4671
2021-06-02,0,2,2,6,0226
2021-06-03,0,7,8,4,0784
2021-06-04,7,1,6,6,7166
2021-06-05,8,9,0,9,8909
2021-06-07,5,9,9,1,5991
2021-06-08,9,7,6,4,9764
2021-06-09,3,0,0,6,3006
2021-06-10,8,5,9,8,8598
2021-06-11,6,4,8,4,6484
2021-06-12,3,1,2,8,3128
2021-06-14,8,8,4,5,8845
2021-06-15,9,5,3,0,9530
2021-06-16,9,3,9,6,9396
2021-06-17,3,9,7,0,3970
2021-06-18,1,5,1,9,1519
2021-06-19,4,6,2,2,4622
2021-06-21,8,9,7,4,8974
2021-06-22,3,7,4,2,3742
2021-06-23,6,7,2,7,6727
2021-06-24,4,0,1,5,4015
2021-06-25,6,0,9,1,6091
2021-06-26,7,0,2,8,7028
2021-06-28,1,3,9,0,1390
2021-06-29,8,4,9,4,8494
2021-06-30,9,9,1,3,9913
2021-07-01,4,9,4,7,4947
2021-07-02,1,3,6,3,1363
2021-07-03,9,2,0,2,9202
2021-07-06,5,4,7,9,5479
2021-07-07,9,4,4,2,9442
2021-07-08,2,9,3,1,2931
2021-07-09,9,5,0,3,9503
2021-07-10,2,0,9,4,2094
2021-07-12,2,0,0,1,2001
2021-07-13,0,6,3,4,0634
2021-07-14,8,3,4,9,8349
2021-07-15,0,2,3,5,0235
2021-07-16,1,2,1,4,1214
2021-07-17,5,1,8,1,5181
2021-07-19,5,3,5,9,5359
2021-07-20,2,6,8,2,2682
2021-07-21,5,3,4,1,5341
2021-07-22,2,8,0,1,2801
2021-07-23,4,9,9,9,4999
2021-07-24,9,2,9,4,9294
2021-07-26,5,9,3,1,5931
2021-07-27,1,4,1,3,1413
2021-07-28,6,4,3,4,6434
2021-07-29,9,1,8,5,9185
2021-07-30,9,4,6,8,9468
2021-07-31,8,1,0,0,8100
2021-08-02,1,6,3,9,1639
2021-08-03,9,0,3,3,9033
2021-08-04,5,0,8,0,5080
2021-08-05,6,1,9,3,6193
2021-08-06,7,1,1,9,7119
2021-08-07,2,4,2,3,2423
2021-08-09,1,9,7,3,1973
2021-08-10,2,6,0,8,2608
2021-08-11,0,1,1,7,0117
2021-08-12,2,2,9,5,2295
2021-08-13,2,4,7,6,2476
2021-08-14,5,7,0,7,5707
2021-08-16,5,3,5,1,5351
2021-08-17,9,6,7,1,9671
2021-08-18,2,6,9,1,2691
2021-08-19,6,6,8,1,6681
2021-08-20,6,4,0,2,6402
2021-08-21,8,6,8,6,8686
2021-08-23,5,6,9,8,5698
2021-08-24,0,1,3,1,0131
2021-08-25,5,4,0,3,5403
2021-08-26,2,8,2,6,2826
2021-08-27,5,0,7,3,5073
2021-08-28,2,8,3,0,2830
2021-08-30,1,0,8,0,1080
2021-08-31,4,7,0,9,4709
2021-09-01,6,1,6,4,6164
2021-09-02,4,5,2,8,4528
2021-09-03,8,4,2,5,8425
2021-09-04,8,9,5,2,8952
2021-09-06,1,9,8,3,1983
2021-09-07,5,5,9,7,5597
2021-09-08,1,1,8,0,1180
2021-09-09,1,5,5,8,1558
2021-09-10,3,4,2,7,3427
2021-09-11,6,8,8,8,6888
2021-09-13,0,6,2,4,0624
2021-09-14,3,6,4,6,3646
2021-09-15,6,3,8,7,6387
2021-09-16,4,6,6,3,4663
2021-09-17,8,8,1,2,8812
2021-09-18,9,2,7,0,9270
2021-09-20,7,7,7,3,7773
2021-09-21,0,3,6,9,0369
2021-09-22,4,6,1,6,4616
2021-09-23,6,2,5,9,6259
2021-09-24,7,8,7,1,7871
2021-09-25,2,1,8,9,2189
2021-09-27,5,3,6,7,5367
2021-09-28,5,3,7,1,5371
2021-09-29,4,1,8,8,4188
2021-09-30,0,4,5,6,0456
2021-10-01,5,9,7,5,5975
2021-10-02,1,6,9,3,1693
2021-10-04,2,9,3,5,2935
2021-10-05,9,8,5,6,9856
2021-10-06,0,7,4,4,0744
2021-10-07,9,2,8,8,9288
2021-10-08,8,1,3,9,8139
2021-10-09,0,4,9,3,0493
2021-10-11,6,7,1,7,6717
2021-10-12,4,1,2,1,4121
2021-10-13,5,3,0,8,5308
2021-10-14,0,6,3,3,0633
2021-10-15,9,5,4,0,9540
2021-10-16,5,8,9,1,5891
2021-10-18,1,9,3,3,1933
2021-10-19,5,4,7,0,5470
2021-10-20,6,0,8,6,6086
2021-10-21,2,1,6,3,2163
2021-10-22,6,3,9,9,6399
2021-10-23,9,7,3,9,9739
2021-10-25,5,6,7,1,5671
2021-10-26,8,6,9,1,8691
2021-10-27,6,0,5,3,6053
2021-10-28,8,0,4,2,8042
2021-10-29,9,4,4,2,9442
2021-10-30,6,6,5,8,6658
2021-11-01,6,7,3,4,6734
2021-11-02,1,7,2,7,1727
2021-11-03,2,6,9,1,2691
2021-11-04,5,4,7,6,5476
2021-11-05,1,3,2,1,1321
2021-11-06,8,8,7,5,8875
2021-11-08,8,8,8,6,8886
2021-11-09,5,6,1,7,5617
2021-11-10,3,8,6,5,3865
2021-11-11,8,1,8,9,8189
2021-11-12,0,6,3,1,0631
2021-11-13,7,7,6,0,7760
2021-11-15,2,7,7,4,2774
2021-11-16,6,3,8,9,6389
2021-11-17,8,8,5,3,8853
2021-11-18,1,1,8,0,1180
2021-11-19,1,7,7,3,1773
2021-11-20,2,7,3,2,2732
2021-11-22,8,3,5,5,8355
2021-11-23,0,7,6,5,0765
2021-11-24,2,2,1,5,2215
2021-11-26,6,9,2,7,6927
2021-11-27,1,1,9,8,1198
2021-11-29,4,2,8,7,4287
2021-11-30,0,6,4,0,0640
2021-12-01,2,2,1,8,2218
2021-12-02,0,9,4,5,0945
2021-12-03,2,2,6,7,2267
2021-12-04,6,0,9,6,6096
2021-12-06,5,3,0,7,5307
2021-12-07,3,1,6,4,3164
2021-12-08,6,7,1,8,6718
2021-12-09,2,7,9,1,2791
2021-12-10,3,0,1,5,3015
2021-12-11,7,3,5,2,7352
2021-12-13,0,2,3,6,0236
2021-12-14,7,7,1,8,7718
2021-12-15,5,9,7,7,5977
2021-12-16,5,5,8,3,5583
2021-12-17,9,8,5,7,9857
2021-12-18,3,9,5,5,3955
2021-12-20,8,1,0,3,8103
2021-12-21,0,9,6,7,0967
2021-12-22,8,6,7,9,8679
2021-12-23,6,1,4,3,6143
2021-12-24,1,0,8,1,1081
2021-12-27,4,9,7,4,4974
2021-12-28,1,2,6,1,1261
2021-12-29,7,9,2,1,7921
2021-12-30,2,8,3,6,2836
2021-12-31,9,2,0,2,9202
2022-01-03,3,5,9,0,3590
2022-01-04,7,2,5,3,7253
2022-01-05,8,4,0,1,8401
2022-01-07,5,0,1,7,5017
2022-01-08,2,4,9,8,2498
2022-01-10,8,3,9,7,8397
2022-01-11,1,1,9,8,1198
2022-01-12,8,8,8,1,8881
2022-01-13,6,0,2,4,6024
2022-01-14,5,6,5,2,5652
2022-01-15,2,0,5,2,2052
2022-01-17,5,6,7,1,5671
2022-01-18,9,9,9,7,9997
2022-01-19,2,3,2,0,2320
2022-01-20,8,9,7,5,8975
2022-01-21,9,1,5,2,9152
2022-01-22,0,0,6,6,0066
2022-01-24,3,9,1,9,3919
2022-01-25,3,6,1,3,3613
2022-01-26,9,8,5,8,9858
2022-01-27,5,9,4,7,5947
2022-01-28,4,1,8,5,4185
2022-01-29,3,4,1,8,3418
2022-01-31,4,6,0,5,4605
2022-02-01,0,5,4,4,0544
2022-02-02,5,6,4,5,5645
2022-02-03,2,9,3,5,2935
2022-02-04,6,3,9,7,6397
2022-02-05,4,7,2,8,4728
2022-02-07,6,0,1,8,6018
2022-02-08,7,3,6,6,7366
2022-02-09,4,7,6,0,4760
2022-02-10,1,1,9,8,1198
2022-02-11,7,8,4,8,7848
2022-02-12,3,9,4,8,3948
2022-02-14,0,0,1,1,0011
2022-02-15,3,5,3,3,3533
2022-02-16,5,1,4,7,5147
2022-02-17,5,6,3,3,5633
2022-02-18,3,5,3,3,3533
2022-02-19,3,0,2,4,3024
2022-02-21,7,4,7,7,7477
2022-02-22,8,1,6,4,8164
2022-02-23,9,7,4,4,9744
2022-02-24,0,3,7,0,0370
2022-02-25,0,7,8,1,0781
2022-02-26,5,0,5,8,5058
2022-02-28,8,5,8,1,8581
2022-03-01,2,7,2,9,2729
2022-03-02,5,9,1,9,5919
2022-03-03,5,8,3,4,5834
2022-03-04,6,6,6,5,6665
2022-03-05,8,5,3,2,8532
2022-03-07,2,3,5,3,2353
2022-03-08,4,1,5,8,4158
2022-03-09,3,7,0,6,3706
2022-03-10,1,0,0,3,1003
2022-03-11,2,3,8,5,2385
2022-03-12,3,4,4,2,3442
2022-03-14,5,1,1,7,5117
2022-03-15,3,1,5,8,3158
2022-03-16,9,0,3,1,9031
2022-03-17,0,3,2,7,0327
2022-03-18,1,1,3,2,1132
2022-03-19,8,5,3,5,8535
2022-03-21,4,1,6,0,4160
2022-03-22,4,8,1,6,4816
2022-03-23,3,0,3,6,3036
2022-03-24,6,2,7,2,6272
2022-03-25,7,8,0,5,7805
2022-03-26,2,4,0,3,2403
2022-03-28,1,1,4,5,1145
2022-03-29,0,7,8,2,0782
2022-03-30,3,7,4,1,3741
2022-03-31,6,7,3,6,6736
2022-04-01,7,8,2,6,7826
2022-04-02,2,4,8,8,2488
2022-04-04,8,6,4,2,8642
2022-04-05,4,2,8,8,4288
2022-04-06,5,6,4,2,5642
2022-04-07,3,7,6,0,3760
2022-04-08,9,4,9,7,9497
2022-04-09,4,9,3,4,4934
2022-04-11,4,5,3,6,4536
2022-04-12,4,5,0,7,4507
2022-04-13,6,5,3,7,6537
2022-04-14,1,7,2,1,1721
2022-04-16,7,0,6,7,7067
2022-04-18,2,6,5,1,2651
2022-04-19,1,1,6,6,1166
2022-04-20,8,8,8,8,8888
2022-04-21,5,1,3,6,5136
2022-04-22,6,3,9,0,6390
2022-04-23,8,5,4,9,8549
2022-04-25,6,5,8,2,6582
2022-04-26,4,8,6,1,4861
2022-04-27,3,6,0,9,3609
2022-04-28,1,3,9,2,1392
2022-04-29,9,9,8,9,9989
2022-04-30,0,3,2,2,0322
2022-05-02,5,4,0,7,5407
2022-05-03,8,0,3,4,8034
2022-05-04,4,7,8,0,4780
2022-05-05,2,4,1,9,2419
2022-05-06,1,5,3,0,1530
2022-05-07,3,2,9,7,3297
2022-05-09,8,5,5,0,8550
2022-05-10,9,8,9,4,9894
2022-05-11,3,1,9,9,3199
2022-05-12,5,3,9,0,5390
2022-05-13,1,8,6,8,1868
2022-05-14,4,8,9,6,4896
2022-05-16,9,1,9,5,9195
2022-05-17,7,1,2,5,7125
2022-05-18,8,1,9,0,8190
2022-05-19,4,4,6,8,4468
2022-05-20,4,8,2,8,4828
2022-05-21,7,5,8,4,7584
2022-05-23,9,0,1,7,9017
2022-05-24,0,7,5,6,0756
2022-05-25,5,4,1,1,5411
2022-05-26,1,3,8,6,1386
2022-05-27,9,8,1,6,9816
2022-05-28,3,1,2,9,3129
2022-05-30,4,1,0,0,4100
2022-05-31,2,2,1,0,2210
2022-06-01,4,5,5,6,4556
2022-06-02,8,8,1,0,8810
2022-06-03,6,9,5,0,6950
2022-06-04,8,4,1,3,8413
2022-06-06,6,8,1,2,6812
2022-06-07,2,3,9,6,2396
2022-06-08,4,2,6,1,4261
2022-06-09,2,2,3,9,2239
2022-06-10,6,1,0,3,6103
2022-06-11,0,1,5,2,0152
2022-06-13,3,5,6,7,3567
2022-06-14,0,2,3,3,0233
2022-06-15,0,8,6,4,0864
2022-06-16,1,5,7,9,1579
2022-06-17,2,7,1,7,2717
2022-06-18,2,3,3,1,2331
2022-06-20,2,7,0,3,2703
2022-06-21,7,0,8,2,7082
2022-06-22,6,9,3,2,6932
2022-06-23,0,1,4,3,0143
2022-06-24,7,9,4,4,7944
2022-06-25,3,7,8,8,3788
2022-06-27,8,5,8,5,8585
2022-06-28,9,0,0,3,9003
2022-06-29,7,2,8,7,7287
2022-06-30,2,6,3,8,2638
2022-07-01,4,2,1,0,4210
2022-07-02,2,2,7,5,2275
2022-07-05,7,7,4,6,7746
2022-07-06,0,4,8,4,0484
2022-07-07,0,5,8,6,0586
2022-07-08,1,0,7,0,1070
2022-07-09,8,8,4,4,8844
2022-07-11,1,0,5,2,1052
2022-07-12,0,2,9,4,0294
2022-07-13,0,8,3,3,0833
2022-07-14,5,8,8,3,5883
2022-07-15,7,2,7,8,7278
2022-07-16,3,7,1,6,3716
2022-07-18,8,4,4,7,8447
2022-07-19,4,1,3,0,4130
2022-07-20,5,0,0,9,5009
2022-07-21,1,7,8,9,1789
2022-07-22,5,9,2,7,5927
2022-07-23,6,5,7,3,6573
2022-07-25,8,8,2,3,8823
2022-07-26,8,0,6,0,8060
2022-07-27,5,8,9,6,5896
2022-07-28,7,5,4,5,7545
2022-07-29,5,4,5,7,5457
2022-07-30,6,5,3,7,6537
2022-08-01,9,3,4,3,9343
2022-08-02,9,9,0,8,9908
2022-08-03,2,0,1,4,2014
2022-08-04,4,1,8,0,4180
2022-08-05,3,4,8,7,3487
2022-08-06,2,2,4,2,2242
2022-08-08,1,6,6,1,1661
2022-08-09,6,2,9,5,6295
2022-08-10,0,9,1,3,0913
2022-08-11,2,0,4,1,2041
2022-08-12,9,7,1,8,9718
2022-08-13,2,1,1,6,2116
2022-08-15,1,9,1,5,1915
2022-08-16,5,1,8,8,5188
2022-08-17,5,7,2,8,5728
2022-08-18,5,0,9,7,5097
2022-08-19,0,5,1,7,0517
2022-08-20,0,6,4,6,0646
2022-08-22,5,7,3,7,5737
2022-08-23,0,1,3,8,0138
2022-08-24,8,0,0,2,8002
2022-08-25,0,3,7,0,0370
2022-08-26,9,1,7,8,9178
2022-08-27,6,2,9,6,6296
2022-08-29,4,1,6,3,4163
2022-08-30,9,1,3,5,9135
2022-08-31,3,6,5,8,3658
2022-09-01,5,9,4,8,5948
2022-09-02,1,7,6,1,1761
2022-09-03,5,9,3,5,5935
2022-09-05,5,2,4,2,5242
2022-09-06,7,7,0,0,7700
2022-09-07,9,3,9,5,9395
2022-09-08,5,8,8,6,5886
2022-09-09,5,6,0,5,5605
2022-09-10,6,0,2,8,6028
2022-09-12,9,4,5,2,9452
2022-09-13,9,6,5,5,9655
2022-09-14,0,5,5,1,0551
2022-09-15,8,5,8,4,8584
2022-09-16,6,2,6,0,6260
2022-09-17,5,6,0,9,5609
2022-09-19,5,3,0,9,5309
2022-09-20,2,8,6,8,2868
2022-09-21,1,0,3,6,1036
2022-09-22,8,9,1,7,8917
2022-09-23,5,1,2,2,5122
2022-09-24,1,9,3,2,1932
2022-09-26,0,8,4,5,0845
2022-09-27,3,8,5,3,3853
2022-09-28,6,2,8,3,6283
2022-09-29,4,8,2,0,4820
2022-09-30,4,3,8,2,4382
2022-10-01,2,9,9,2,2992
2022-10-03,1,3,1,0,1310
2022-10-04,3,8,4,0,3840
2022-10-05,3,8,4,0,3840
2022-10-06,4,4,1,9,4419
2022-10-07,1,2,2,3,1223
2022-10-08,9,5,6,7,9567
2022-10-10,3,8,5,9,3859
2022-10-11,2,0,8,6,2086
2022-10-12,8,6,7,7,8677
2022-10-13,8,5,3,5,8535
2022-10-14,9,9,6,7,9967
2022-10-15,5,4,7,2,5472
2022-10-17,0,0,1,5,0015
2022-10-18,5,9,0,1,5901
2022-10-19,9,7,6,2,9762
2022-10-20,3,5,0,7,3507
2022-10-21,9,5,2,5,9525
2022-10-22,5,1,3,0,5130
2022-10-24,7,5,6,2,7562
2022-10-25,5,7,8,9,5789
2022-10-26,6,3,1,9,6319
2022-10-27,7,6,3,0,7630
2022-10-28,1,5,0,0,1500
2022-10-29,1,7,2,1,1721
2022-10-31,6,2,2,5,6225
2022-11-01,4,5,7,9,4579
2022-11-02,7,7,8,7,7787
2022-11-03,9,0,0,6,9006
2022-11-04,8,0,1,1,8011
2022-11-05,8,3,5,1,8351
2022-11-07,4,0,5,4,4054
2022-11-08,2,4,1,0,2410
2022-11-09,5,3,5,7,5357
2022-11-10,3,6,8,7,3687
2022-11-11,4,2,5,7,4257
2022-11-12,0,7,3,4,0734
2022-11-14,5,9,6,4,5964
2022-11-15,7,5,8,7,7587
2022-11-16,3,9,6,7,3967
2022-11-17,3,7,2,5,3725
2022-11-18,9,1,6,9,9169
2022-11-19,1,4,4,0,1440
2022-11-21,1,7,6,6,1766
2022-11-22,9,0,9,2,9092
2022-11-23,8,6,9,4,8694
2022-11-25,9,5,6,3,9563
2022-11-26,1,2,6,7,1267
2022-11-28,0,5,4,6,0546
2022-11-29,2,5,1,9,2519
2022-11-30,5,0,6,9,5069
2022-12-01,2,5,0,1,2501
2022-12-02,5,0,6,9,5069
2022-12-03,8,1,0,6,8106
2022-12-05,8,4,9,8,8498
2022-12-06,3,4,8,7,3487
2022-12-07,1,9,0,8,1908
2022-12-08,3,1,2,0,3120
2022-12-09,0,3,1,3,0313
2022-12-10,3,1,0,3,3103
2022-12-12,6,7,7,8,6778
2022-12-13,1,8,4,6,1846
2022-12-14,7,6,9,5,7695
2022-12-15,3,5,9,9,3599
2022-12-16,8,9,3,3,8933
2022-12-17,1,0,0,5,1005
2022-12-19,7,4,6,1,7461
2022-12-20,0,5,2,5,0525
2022-12-21,8,4,0,2,8402
2022-12-22,9,2,8,9,9289
2022-12-23,2,0,8,2,2082
2022-12-24,8,7,1,8,8718
2022-12-27,9,2,2,7,9227
2022-12-28,6,2,2,5,6225
2022-12-29,0,5,5,7,0557
2022-12-30,3,8,1,5,3815
2022-12-31,7,8,7,6,7876
2023-01-03,0,1,7,6,0176
2023-01-04,0,1,8,8,0188
2023-01-05,6,8,2,2,6822
2023-01-07,7,6,9,9,7699
2023-01-09,3,7,6,1,3761
2023-01-10,7,4,7,5,7475
2023-01-11,7,2,5,4,7254
2023-01-12,9,0,8,7,9087
2023-01-13,2,7,1,9,2719
2023-01-14,1,1,3,2,1132
2023-01-16,8,8,4,4,8844
2023-01-17,7,2,4,7,7247
2023-01-18,1,2,6,2,1262
2023-01-19,2,0,9,8,2098
2023-01-20,8,3,6,0,8360
2023-01-21,5,0,8,9,5089
2023-01-23,0,7,3,2,0732
2023-01-24,6,6,8,7,6687
2023-01-25,9,9,2,4,9924
2023-01-26,2,7,4,5,2745
2023-01-27,0,2,8,0,0280
2023-01-28,8,7,9,7,8797
2023-01-30,7,5,4,7,7547
2023-01-31,3,4,6,7,3467
2023-02-01,0,2,8,5,0285
2023-02-02,5,0,7,2,5072
2023-02-03,7,7,5,0,7750
2023-02-04,5,9,7,5,5975
2023-02-06,6,1,3,4,6134
2023-02-07,0,6,2,5,0625
2023-02-08,6,9,8,9,6989
2023-02-09,3,8,0,9,3809
2023-02-10,2,8,2,7,2827
2023-02-11,7,0,5,1,7051
2023-02-13,7,1,1,8,7118
2023-02-14,4,4,0,7,4407
2023-02-15,0,4,3,5,0435
2023-02-16,9,0,1,4,9014
2023-02-17,6,9,0,9,6909
2023-02-18,4,4,0,3,4403
2023-02-20,2,4,6,2,2462
2023-02-21,9,8,2,7,9827
2023-02-22,7,7,4,1,7741
2023-02-23,8,1,5,0,8150
2023-02-24,5,6,3,1,5631
2023-02-25,1,3,4,7,1347
2023-02-27,6,6,9,4,6694
2023-02-28,9,8,6,2,9862
2023-03-01,8,8,5,4,8854
2023-03-02,1,8,6,8,1868
2023-03-03,8,8,9,1,8891
2023-03-04,9,9,7,7,9977
2023-03-06,7,5,7,6,7576
2023-03-07,4,9,7,2,4972
2023-03-08,8,9,9,5,8995
2023-03-09,2,7,4,6,2746
2023-03-10,2,7,9,6,2796
2023-03-11,0,6,5,9,0659
2023-03-13,6,0,9,2,6092
2023-03-14,9,9,0,3,9903
2023-03-15,7,5,2,4,7524
2023-03-16,8,3,3,3,8333
2023-03-17,1,2,1,3,1213
2023-03-18,8,6,5,1,8651
2023-03-20,5,5,5,0,5550
2023-03-21,1,4,8,5,1485
2023-03-22,2,1,1,2,2112
2023-03-23,8,2,4,8,8248
2023-03-24,7,7,2,4,7724
2023-03-25,8,0,2,5,8025
2023-03-27,5,0,8,1,5081
2023-03-28,6,9,2,8,6928
2023-03-29,2,6,6,1,2661
2023-03-30,8,8,8,0,8880
2023-03-31,6,1,0,7,6107
2023-04-01,2,7,5,8,2758
2023-04-03,5,5,8,4,5584
2023-04-04,3,8,2,1,3821
2023-04-05,8,3,9,4,8394
2023-04-06,2,4,4,3,2443
2023-04-08,8,4,6,7,8467
2023-04-10,5,7,5,5,5755
2023-04-11,0,4,7,0,0470
2023-04-12,6,2,0,7,6207
2023-04-13,5,7,8,9,5789
2023-04-14,2,6,1,5,2615
2023-04-15,8,6,1,2,8612
2023-04-17,4,7,7,8,4778
2023-04-18,5,7,7,6,5776
2023-04-19,2,4,2,1,2421
2023-04-20,3,7,4,5,3745
2023-04-21,1,0,8,0,1080
2023-04-22,8,0,4,2,8042
2023-04-24,8,2,0,7,8207
2023-04-25,3,5,9,5,3595
2023-04-26,2,8,0,8,2808
2023-04-27,7,0,2,2,7022
2023-04-28,1,8,6,5,1865
2023-04-29,7,3,8,0,7380
2023-05-01,6,1,0,2,6102
2023-05-02,1,4,4,8,1448
2023-05-03,8,2,3,6,8236
2023-05-04,7,1,9,0,7190
2023-05-05,8,1,0,2,8102
2023-05-06,2,0,4,9,2049
2023-05-08,8,8,8,2,8882
2023-05-09,7,3,3,9,7339
2023-05-10,0,0,5,1,0051
2023-05-11,9,2,1,4,9214
2023-05-12,3,6,1,5,3615
2023-05-13,5,3,0,0,5300
2023-05-15,7,9,3,4,7934
2023-05-16,9,8,4,9,9849
2023-05-17,2,3,3,5,2335
2023-05-18,3,1,5,6,3156
2023-05-19,2,0,4,5,2045
2023-05-20,1,7,9,9,1799
2023-05-22,8,1,0,1,8101
2023-05-23,8,4,7,2,8472
2023-05-24,7,7,1,2,7712
2023-05-25,4,8,5,9,4859
2023-05-26,2,3,1,6,2316
2023-05-27,0,1,8,1,0181
2023-05-29,5,7,8,1,5781
2023-05-30,8,8,3,1,8831
2023-05-31,1,6,3,8,1638
2023-06-01,8,9,4,9,8949
2023-06-02,6,1,6,2,6162
2023-06-03,7,1,7,7,7177
2023-06-05,3,7,9,2,3792
2023-06-06,2,2,8,5,2285
2023-06-07,3,1,3,2,3132
2023-06-08,4,5,1,1,4511
2023-06-09,4,8,4,9,4849
2023-06-10,5,1,9,8,5198
2023-06-12,8,4,0,2,8402
2023-06-13,2,8,0,7,2807
2023-06-14,8,6,6,1,8661
2023-06-15,0,6,3,4,0634
2023-06-16,1,4,6,9,1469
2023-06-17,3,6,7,9,3679
2023-06-19,5,2,3,8,5238
2023-06-20,2,9,6,5,2965
2023-06-21,3,4,4,6,3446
2023-06-22,5,7,8,0,5780
2023-06-23,5,2,0,7,5207
2023-06-24,8,9,9,2,8992
2023-06-26,2,3,9,2,2392
2023-06-27,1,7,1,9,1719
2023-06-28,1,4,6,4,1464
2023-06-29,5,3,2,8,5328
2023-06-30,4,4,2,3,4423
2023-07-01,0,9,5,7,0957
2023-07-03,4,9,5,5,4955
2023-07-05,3,6,0,9,3609
2023-07-06,8,0,4,7,8047
2023-07-07,7,8,6,3,7863
2023-07-08,4,2,6,9,4269
2023-07-10,4,9,7,3,4973
2023-07-11,3,4,8,8,3488
2023-07-12,0,2,3,9,0239
2023-07-13,3,2,6,7,3267
2023-07-14,6,1,4,1,6141
2023-07-15,0,7,3,8,0738
2023-07-17,7,3,2,7,7327
2023-07-18,2,9,7,4,2974
2023-07-19,9,9,8,3,9983
2023-07-20,9,1,5,2,9152
2023-07-21,1,9,9,4,1994
2023-07-22,6,5,6,2,6562
2023-07-24,9,0,5,9,9059
2023-07-25,0,9,8,6,0986
2023-07-26,4,5,6,5,4565
2023-07-27,4,4,4,8,4448
2023-07-28,1,0,9,0,1090
2023-07-29,5,6,0,1,5601
2023-07-31,1,0,3,7,1037
2023-08-01,4,0,4,0,4040
2023-08-02,3,8,0,7,3807
2023-08-03,7,2,4,9,7249
2023-08-04,9,6,7,8,9678
2023-08-05,1,8,8,6,1886
2023-08-07,2,8,1,4,2814
2023-08-08,1,1,8,4,1184
2023-08-09,4,4,4,2,4442
2023-08-10,6,7,7,4,6774
2023-08-11,2,3,4,5,2345
2023-08-12,3,5,9,6,3596
2023-08-14,7,0,4,5,7045
2023-08-15,2,9,7,9,2979
2023-08-16,0,3,6,3,0363
2023-08-17,1,6,5,2,1652
2023-08-18,9,5,4,2,9542
2023-08-19,9,1,3,9,9139
2023-08-21,6,5,0,7,6507
2023-08-22,2,8,2,7,2827
2023-08-23,3,2,6,9,3269
2023-08-24,8,6,7,9,8679
2023-08-25,1,0,9,4,1094
2023-08-26,3,0,8,3,3083
2023-08-28,7,5,7,0,7570
2023-08-29,1,6,1,4,1614
2023-08-30,9,2,3,6,9236
2023-08-31,7,9,0,3,7903
2023-09-01,3,4,2,4,3424
2023-09-02,4,7,4,5,4745
2023-09-04,8,2,0,1,8201
2023-09-05,2,6,6,8,2668
2023-09-06,3,7,0,8,3708
2023-09-07,9,3,3,8,9338
2023-09-08,7,7,4,0,7740
2023-09-09,5,9,0,9,5909
2023-09-11,5,0,0,1,5001
2023-09-12,8,0,1,5,8015
2023-09-13,6,4,7,3,6473
2023-09-14,7,0,2,3,7023
2023-09-15,9,9,2,7,9927
2023-09-16,5,6,0,9,5609
2023-09-18,8,0,1,0,8010
2023-09-19,7,7,2,3,7723
2023-09-20,3,3,9,0,3390
2023-09-21,3,6,1,8,3618
2023-09-22,1,9,8,5,1985
2023-09-23,9,2,5,2,9252
2023-09-25,4,1,8,8,4188
2023-09-26,5,1,2,2,5122
2023-09-27,4,8,2,9,4829
2023-09-28,3,3,1,1,3311
2023-09-29,6,3,5,3,6353
2023-09-30,8,1,6,3,8163
2023-10-02,9,1,2,2,9122
2023-10-03,0,0,4,2,0042
2023-10-04,9,2,6,8,9268
2023-10-05,7,7,7,2,7772
2023-10-06,1,1,0,3,1103
2023-10-07,7,9,4,5,7945
2023-10-09,2,2,6,3,2263
2023-10-10,2,5,2,5,2525
2023-10-11,3,8,3,7,3837
2023-10-12,8,2,4,7,8247
2023-10-13,1,2,9,6,1296
2023-10-14,7,2,6,7,7267
2023-10-16,4,0,8,0,4080
2023-10-17,8,6,7,4,8674
2023-10-18,5,4,2,1,5421
2023-10-19,4,6,0,1,4601
2023-10-20,4,0,0,7,4007
2023-10-21,2,8,5,1,2851
2023-10-23,3,3,7,7,3377
2023-10-24,8,6,9,2,8692
2023-10-25,4,8,4,1,4841
2023-10-26,2,8,9,7,2897
2023-10-27,4,0,3,3,4033
2023-10-28,8,0,8,8,8088
2023-10-30,2,2,7,0,2270
2023-10-31,2,8,5,1,2851
2023-11-01,9,0,6,9,9069
2023-11-02,0,0,2,5,0025
2023-11-03,7,1,1,8,7118
2023-11-04,8,8,5,9,8859
2023-11-06,0,8,2,6,0826
2023-11-07,9,6,3,8,9638
2023-11-08,6,6,3,3,6633
2023-11-09,6,5,9,2,6592
2023-11-10,1,9,5,0,1950
2023-11-11,9,6,0,7,9607
2023-11-13,8,3,6,5,8365
2023-11-14,0,6,2,8,0628
2023-11-15,3,3,6,1,3361
2023-11-16,6,5,8,7,6587
2023-11-17,8,8,5,9,8859
2023-11-18,1,7,3,0,1730
2023-11-20,4,0,6,7,4067
2023-11-21,5,1,3,1,5131
2023-11-22,3,1,4,0,3140
2023-11-24,3,4,2,4,3424
2023-11-25,3,2,6,0,3260
2023-11-27,8,5,2,7,8527
2023-11-28,3,2,7,0,3270
2023-11-29,0,0,8,9,0089
2023-11-30,6,8,8,7,6887
2023-12-01,2,3,5,8,2358
2023-12-02,7,5,4,6,7546
2023-12-04,1,2,8,1,1281
2023-12-05,4,0,1,2,4012
2023-12-06,5,1,1,7,5117
2023-12-07,9,7,2,3,9723
2023-12-08,1,8,5,2,1852
2023-12-09,7,5,5,9,7559
2023-12-11,6,9,8,3,6983
2023-12-12,1,5,2,4,1524
2023-12-13,4,7,4,5,4745
2023-12-14,2,1,5,7,2157
2023-12-15,1,4,0,1,1401
2023-12-16,7,4,5,4,7454
2023-12-18,4,3,4,3,4343
2023-12-19,6,6,6,3,6663
2023-12-20,8,0,1,2,8012
2023-12-21,5,9,0,2,5902
2023-12-22,1,4,4,7,1447
2023-12-23,0,8,2,7,0827
2023-12-27,3,6,6,7,3667
2023-12-28,0,9,3,1,0931
2023-12-29,7,4,9,1,7491
2023-12-30,7,3,0,2,7302
2024-01-02,4,7,5,4,4754
2024-01-03,8,2,7,0,8270
2024-01-04,3,3,7,0,3370
2024-01-05,0,6,5,2,0652
2024-01-08,5,1,5,1,5151
2024-01-09,2,8,0,8,2808
2024-01-10,2,8,0,4,2804
2024-01-11,8,3,5,2,8352
2024-01-12,3,2,9,5,3295
2024-01-13,6,5,8,7,6587
2024-01-15,3,8,0,2,3802
2024-01-16,7,8,9,9,7899
2024-01-17,0,6,0,8,0608
2024-01-18,9,5,5,8,9558
2024-01-19,9,2,7,4,9274
2024-01-20,9,4,6,0,9460
2024-01-22,9,2,6,8,9268
2024-01-23,6,8,6,0,6860
2024-01-24,9,1,4,3,9143
2024-01-25,6,4,9,4,6494
2024-01-26,5,9,6,4,5964
2024-01-27,0,5,6,9,0569
2024-01-29,7,3,0,3,7303
2024-01-30,5,6,2,9,5629
2024-01-31,1,8,9,1,1891
2024-02-01,9,7,4,7,9747
2024-02-02,7,6,1,2,7612
2024-02-03,0,5,9,8,0598
2024-02-05,7,2,1,6,7216
2024-02-06,5,9,7,7,5977
2024-02-07,3,5,9,3,3593
2024-02-08,3,5,5,2,3552
2024-02-09,8,3,9,1,8391
2024-02-10,1,8,3,9,1839
2024-02-12,6,6,3,0,6630
2024-02-13,1,2,6,7,1267
2024-02-14,1,8,8,7,1887
2024-02-15,9,1,9,3,9193
2024-02-16,5,3,9,8,5398
2024-02-17,0,6,5,8,0658
2024-02-19,6,9,3,3,6933
2024-02-20,5,9,0,8,5908
2024-02-21,9,0,5,3,9053
2024-02-22,6,2,8,3,6283
2024-02-23,8,2,4,1,8241
2024-02-24,1,3,9,8,1398
2024-02-26,0,5,8,7,0587
2024-02-27,2,7,7,5,2775
2024-02-28,6,0,1,6,6016
2024-02-29,7,5,0,5,7505
2024-03-01,2,6,6,8,2668
2024-03-02,1,1,3,8,1138
2024-03-04,0,4,5,3,0453
2024-03-05,1,7,6,9,1769
2024-03-06,2,7,2,5,2725
2024-03-07,4,1,8,9,4189
2024-03-08,2,0,9,4,2094
2024-03-09,6,0,9,6,6096
2024-03-11,6,1,8,1,6181
2024-03-12,7,5,0,7,7507
2024-03-13,0,0,3,4,0034
2024-03-14,8,6,2,2,8622
2024-03-15,3,8,9,8,3898
2024-03-16,7,9,8,2,7982
2024-03-18,3,6,1,2,3612
2024-03-19,1,5,2,5,1525
2024-03-20,8,7,1,4,8714
2024-03-21,5,7,1,5,5715
2024-03-22,3,9,9,3,3993
2024-03-23,9,1,3,0,9130
2024-03-25,4,3,7,6,4376
2024-03-26,1,5,8,2,1582
2024-03-27,8,4,9,1,8491
2024-03-28,9,7,1,9,9719
2024-03-30,5,3,2,1,5321
2024-04-01,0,9,3,3,0933
2024-04-02,5,1,6,9,5169
2024-04-03,9,4,3,1,9431
2024-04-04,6,7,2,4,6724
2024-04-05,9,2,6,6,9266
2024-04-06,6,8,0,4,6804
2024-04-08,0,7,9,5,0795
2024-04-09,1,5,9,0,1590
2024-04-10,4,6,6,5,4665
2024-04-11,3,1,7,9,3179
2024-04-12,3,1,8,4,3184
2024-04-13,5,5,9,6,5596
2024-04-15,1,5,3,9,1539
2024-04-16,0,5,6,5,0565
2024-04-17,6,8,2,5,6825
2024-04-18,5,1,9,7,5197
2024-04-19,7,0,4,2,7042
2024-04-20,1,7,1,1,1711
2024-04-22,6,1,6,9,6169
2024-04-23,6,0,0,3,6003
2024-04-24,4,9,5,8,4958
2024-04-25,5,8,1,9,5819
2024-04-26,7,5,8,1,7581
2024-04-27,4,9,3,4,4934
2024-04-29,8,5,7,7,8577
2024-04-30,7,2,2,8,7228
2024-05-01,5,1,3,3,5133
2024-05-02,2,0,7,1,2071
2024-05-03,7,5,0,6,7506
2024-05-04,1,7,1,7,1717
2024-05-06,7,4,8,2,7482
2024-05-07,7,5,4,0,7540
2024-05-08,0,7,9,2,0792
2024-05-09,1,5,8,3,1583
2024-05-10,8,9,5,1,8951
2024-05-11,1,7,6,7,1767
2024-05-13,8,2,9,3,8293
2024-05-14,4,2,3,6,4236
2024-05-15,2,9,1,1,2911
2024-05-16,3,3,5,5,3355
2024-05-17,6,5,9,3,6593
2024-05-18,5,8,0,2,5802
2024-05-20,0,5,5,1,0551
2024-05-21,4,3,0,8,4308
2024-05-22,6,9,1,4,6914
2024-05-23,7,3,3,4,7334
2024-05-24,8,5,6,0,8560
2024-05-25,9,3,5,7,9357
2024-05-27,2,4,5,5,2455
2024-05-28,7,0,9,2,7092
2024-05-29,4,0,8,2,4082
2024-05-30,7,4,0,6,7406
2024-05-31,8,5,9,7,8597
2024-06-01,3,9,1,5,3915
2024-06-03,8,5,9,0,8590
2024-06-04,1,5,2,3,1523
2024-06-05,5,3,1,7,5317
2024-06-06,8,5,7,8,8578
2024-06-07,4,8,7,0,4870
2024-06-08,4,8,4,3,4843
2024-06-10,7,1,2,8,7128
2024-06-11,8,0,5,5,8055
2024-06-12,3,5,9,0,3590
2024-06-13,8,9,2,0,8920
2024-06-14,5,9,0,2,5902
2024-06-15,4,2,6,8,4268
2024-06-17,7,7,3,6,7736
2024-06-18,8,2,1,1,8211
2024-06-19,1,6,6,5,1665
2024-06-20,6,5,6,1,6561
2024-06-21,9,8,2,3,9823
2024-06-22,1,7,9,4,1794
2024-06-24,0,5,2,8,0528
2024-06-25,4,9,1,1,4911
2024-06-26,5,3,5,7,5357
2024-06-27,5,4,6,0,5460
2024-06-28,5,0,0,2,5002
2024-06-29,5,9,9,8,5998
2024-07-01,9,2,4,7,9247
2024-07-02,3,1,2,2,3122
2024-07-03,4,5,1,6,4516
2024-07-05,2,1,1,0,2110
2024-07-06,3,7,5,7,3757
2024-07-08,4,7,3,4,4734
2024-07-09,6,3,9,6,6396
2024-07-10,9,1,9,4,9194
2024-07-11,1,7,8,6,1786
2024-07-12,1,5,1,0,1510
2024-07-13,3,6,8,7,3687
2024-07-15,1,1,6,2,1162
2024-07-16,8,6,3,2,8632
2024-07-17,8,2,1,9,8219
2024-07-18,5,6,2,8,5628
2024-07-19,7,7,0,7,7707
2024-07-20,2,7,8,8,2788
2024-07-22,8,8,9,5,8895
2024-07-23,7,2,6,0,7260
2024-07-24,1,8,4,9,1849
2024-07-25,3,5,1,8,3518
2024-07-26,6,8,1,3,6813
2024-07-27,8,6,8,0,8680
2024-07-29,9,4,2,0,9420
2024-07-30,3,6,4,2,3642
2024-07-31,3,1,9,8,3198
2024-08-01,0,9,9,4,0994
2024-08-02,0,8,2,5,0825
2024-08-03,0,8,9,7,0897
2024-08-05,7,9,4,7,7947
2024-08-06,0,1,6,3,0163
2024-08-07,7,4,4,8,7448
2024-08-08,1,3,0,8,1308
2024-08-09,8,9,3,6,8936
2024-08-10,1,3,8,8,1388
2024-08-12,0,2,5,5,0255
2024-08-14,3,5,8,8,3588
2024-08-15,8,8,2,5,8825
2024-08-16,7,5,7,1,7571
2024-08-17,8,0,7,6,8076
2024-08-19,0,6,6,7,0667
2024-08-20,6,7,6,9,6769
2024-08-21,7,7,7,2,7772
2024-08-22,1,5,6,5,1565
2024-08-23,8,9,3,2,8932
2024-08-24,8,6,5,0,8650
2024-08-26,6,1,3,8,6138
2024-08-27,2,7,2,7,2727
2024-08-28,7,0,1,2,7012
2024-08-29,3,6,8,9,3689
2024-08-30,7,4,8,6,7486
2024-08-31,2,5,3,3,2533
2024-09-02,1,1,7,5,1175
2024-09-03,1,3,9,0,1390
2024-09-04,8,1,5,0,8150
2024-09-05,0,9,3,3,0933
2024-09-06,6,3,1,3,6313
2024-09-07,7,8,0,3,7803
2024-09-09,0,2,8,4,0284
2024-09-10,0,3,2,3,0323
2024-09-11,8,9,1,7,8917
2024-09-12,8,4,7,2,8472
2024-09-13,3,6,6,9,3669
2024-09-14,9,5,2,2,9522
2024-09-16,4,5,1,6,4516
2024-09-17,3,3,2,7,3327
2024-09-18,2,2,2,7,2227
2024-09-19,4,7,1,1,4711
2024-09-20,6,1,4,7,6147
2024-09-21,8,6,1,7,8617
2024-09-23,9,9,5,1,9951
2024-09-24,0,4,1,2,0412
2024-09-25,5,7,1,6,5716
2024-09-26,4,0,4,7,4047
2024-09-27,5,1,5,4,5154
2024-09-28,4,4,6,1,4461
2024-09-30,2,6,8,2,2682
2024-10-01,2,8,7,0,2870
2024-10-02,5,9,8,5,5985
2024-10-03,3,1,1,5,3115
2024-10-04,6,7,3,1,6731
2024-10-05,4,8,7,0,4870
2024-10-07,5,2,4,6,5246
2024-10-08,9,9,2,5,9925
2024-10-09,1,1,2,3,1123
2024-10-10,6,4,0,6,6406
2024-10-11,0,6,0,5,0605
2024-10-12,1,0,6,3,1063
2024-10-14,7,4,8,1,7481
2024-10-15,6,4,3,2,6432
2024-10-16,3,2,8,4,3284
2024-10-17,1,4,4,1,1441
2024-10-18,7,6,0,2,7602
2024-10-19,9,6,6,9,9669
2024-10-21,1,5,3,1,1531
2024-10-22,7,4,6,2,7462
2024-10-23,8,5,7,9,8579
2024-10-24,1,0,0,8,1008
2024-10-25,8,9,5,3,8953
2024-10-26,6,8,7,3,6873
2024-10-28,3,1,8,5,3185
2024-10-29,9,8,6,3,9863
2024-10-30,8,2,8,3,8283
2024-10-31,5,2,8,9,5289
2024-11-01,5,1,3,9,5139
2024-11-02,7,5,3,1,7531
2024-11-04,1,2,9,6,1296
2024-11-06,2,3,3,8,2338
2024-11-07,7,9,9,1,7991
2024-11-08,6,3,8,5,6385
2024-11-09,7,8,1,3,7813
2024-11-11,9,7,1,7,9717
2024-11-12,5,2,0,0,5200
2024-11-13,0,8,3,1,0831
2024-11-14,2,8,2,9,2829
2024-11-15,4,5,6,0,4560
2024-11-16,3,2,1,4,3214
2024-11-18,0,9,8,4,0984
2024-11-19,5,0,9,8,5098
2024-11-20,0,6,5,7,0657
2024-11-21,6,8,5,3,6853
2024-11-22,0,2,3,7,0237
2024-11-23,1,6,8,6,1686
2024-11-25,3,0,2,4,3024
2024-11-26,6,7,0,4,6704
2024-11-27,3,9,5,1,3951
2024-11-29,9,4,5,2,9452
2024-11-30,3,3,2,6,3326
2024-12-02,1,0,7,9,1079
2024-12-03,9,5,6,4,9564
2024-12-04,0,5,4,4,0544
2024-12-05,4,6,6,2,4662
2024-12-06,3,4,7,9,3479
2024-12-07,5,5,8,1,5581
2024-12-09,5,6,8,0,5680
2024-12-10,7,1,3,1,7131
2024-12-11,4,5,8,7,4587
2024-12-12,1,0,5,5,1055
2024-12-13,6,3,8,7,6387
2024-12-14,3,2,1,7,3217
2024-12-16,7,5,7,4,7574
2024-12-17,3,7,9,9,3799
2024-12-18,4,3,8,9,4389
2024-12-19,5,4,5,2,5452
2024-12-20,6,4,2,8,6428
2024-12-21,6,0,7,6,6076
2024-12-23,9,0,0,0,9000
2024-12-24,8,2,7,0,8270
2024-12-26,0,1,7,4,0174
2024-12-27,5,4,5,0,5450
2024-12-28,5,7,4,9,5749
2024-12-30,8,3,7,0,8370
2024-12-31,8,0,3,1,8031
2025-01-02,9,6,8,5,9685
2025-01-03,4,5,3,7,4537
2025-01-04,4,0,0,8,4008
2025-01-07,4,9,4,7,4947
2025-01-08,8,1,5,3,8153
2025-01-09,8,2,9,2,8292
2025-01-10,6,2,4,1,6241
2025-01-11,3,8,9,3,3893
2025-01-13,0,2,6,7,0267
2025-01-14,6,5,6,9,6569
2025-01-15,3,1,0,8,3108
2025-01-16,7,6,9,9,7699
2025-01-17,2,5,0,0,2500
2025-01-18,1,5,5,2,1552
2025-01-20,8,9,7,0,8970
2025-01-21,0,2,8,3,0283
2025-01-22,2,6,6,5,2665
2025-01-23,0,2,1,4,0214
2025-01-24,3,8,8,0,3880
2025-01-25,3,5,3,3,3533
2025-01-27,7,0,7,3,7073
2025-01-28,5,2,4,6,5246
2025-01-29,4,3,6,5,4365
2025-01-30,9,0,9,5,9095
2025-01-31,4,1,0,4,4104
2025-02-01,9,3,9,6,9396
2025-02-03,7,6,7,9,7679
2025-02-04,8,4,0,3,8403
2025-02-05,5,2,7,5,5275
2025-02-06,7,2,3,2,7232
2025-02-07,3,6,1,7,3617
2025-02-08,2,5,3,1,2531
2025-02-10,5,4,6,3,5463
2025-02-11,5,2,1,1,5211
2025-02-12,2,6,6,2,2662
2025-02-13,0,0,9,9,0099
2025-02-14,0,7,5,1,0751
2025-02-15,2,9,5,6,2956
2025-02-17,3,4,9,7,3497
2025-02-18,3,3,8,7,3387
2025-02-19,2,3,7,9,2379
2025-02-20,4,9,9,2,4992
2025-02-21,3,5,2,7,3527
2025-02-22,1,6,6,8,1668
2025-02-24,7,7,4,8,7748
2025-02-25,6,0,2,1,6021
2025-02-26,4,2,0,6,4206
2025-02-27,2,7,9,3,2793
2025-02-28,7,5,4,5,7545
2025-03-01,0,0,7,7,0077
2025-03-03,0,6,3,3,0633
2025-03-04,6,6,1,3,6613
2025-03-05,8,2,8,9,8289
2025-03-06,8,0,3,9,8039
2025-03-07,1,2,1,1,1211
2025-03-08,9,4,4,3,9443
2025-03-10,1,0,7,3,1073
2025-03-11,2,4,2,8,2428
2025-03-12,6,3,6,1,6361
2025-03-13,9,7,4,4,9744
2025-03-14,5,7,5,6,5756
2025-03-15,6,3,8,6,6386
2025-03-17,1,4,5,2,1452
2025-03-18,0,7,9,7,0797
2025-03-19,2,0,6,8,2068
2025-03-20,0,5,8,7,0587
2025-03-21,4,1,4,1,4141
2025-03-22,6,4,5,8,6458
2025-03-24,0,0,5,8,0058
2025-03-25,3,2,2,6,3226
2025-03-26,9,5,3,3,9533
2025-03-27,3,0,2,4,3024
2025-03-28,7,3,6,1,7361
2025-03-29,1,1,2,1,1121
2025-03-31,9,2,5,3,9253
2025-04-01,5,2,0,3,5203
2025-04-02,3,2,1,8,3218
2025-04-03,8,9,0,7,8907
2025-04-04,2,3,1,1,2311
2025-04-05,2,9,9,9,2999
2025-04-07,1,3,5,4,1354
2025-04-08,8,6,4,9,8649
2025-04-09,8,9,9,0,8990
2025-04-10,7,8,1,3,7813
2025-04-11,1,6,9,5,1695
2025-04-12,6,7,7,5,6775
2025-04-14,6,1,1,7,6117
2025-04-15,9,2,2,1,9221
2025-04-16,9,9,4,7,9947
2025-04-17,0,8,2,2,0822
2025-04-19,6,2,4,2,6242
2025-04-21,0,1,3,0,0130
2025-04-22,1,0,9,2,1092
2025-04-23,3,4,7,8,3478
2025-04-24,0,8,7,7,0877
2025-04-25,2,1,6,9,2169
2025-04-26,9,7,9,7,9797
2025-04-28,8,3,1,9,8319
2025-04-29,2,4,0,4,2404
2025-04-30,7,8,5,7,7857
2025-05-01,8,4,6,6,8466
2025-05-02,1,6,3,5,1635
2025-05-03,0,9,7,5,0975
2025-05-05,8,6,3,3,8633
2025-05-06,8,5,8,6,8586
2025-05-07,9,1,2,1,9121
2025-05-08,8,2,3,7,8237
2025-05-09,5,3,7,3,5373
2025-05-10,7,6,3,4,7634
2025-05-12,4,8,3,8,4838
2025-05-13,1,7,9,2,1792
2025-05-14,2,9,6,4,2964
2025-05-15,1,6,6,4,1664
2025-05-16,8,6,7,5,8675
2025-05-17,2,9,9,6,2996
2025-05-19,7,2,0,5,7205
2025-05-20,2,4,6,6,2466
2025-05-21,6,9,4,3,6943
2025-05-22,1,6,4,8,1648
2025-05-23,2,1,0,3,2103
2025-05-24,5,4,4,1,5441
2025-05-26,4,9,3,7,4937
2025-05-27,6,8,7,3,6873
2025-05-28,0,0,7,1,0071
2025-05-29,2,8,7,7,2877
2025-05-30,5,9,8,1,5981
2025-05-31,8,5,6,3,8563
2025-06-02,7,2,8,1,7281
2025-06-03,6,4,2,4,6424
2025-06-04,4,6,4,4,4644
2025-06-05,2,4,9,0,2490
2025-06-06,0,9,1,4,0914
2025-06-07,0,1,9,2,0192
2025-06-09,2,9,4,3,2943
2025-06-10,2,8,3,7,2837
2025-06-11,3,2,8,6,3286
2025-06-12,8,6,2,3,8623
2025-06-13,9,3,3,2,9332
2025-06-14,2,4,5,6,2456
2025-06-16,4,5,7,3,4573
2025-06-17,5,4,2,2,5422
2025-06-18,0,4,1,6,0416
2025-06-19,9,5,6,8,9568
2025-06-20,4,1,4,4,4144
2025-06-21,5,4,4,1,5441
2025-06-23,3,2,1,5,3215
2025-06-24,2,2,3,9,2239
2025-06-25,9,2,4,4,9244
2025-06-26,5,1,2,9,5129
2025-06-27,6,3,8,6,6386
2025-06-28,6,4,3,4,6434
2025-06-30,6,4,9,0,6490
2025-07-01,4,4,0,4,4404
2025-07-02,5,5,4,4,5544
2025-07-03,7,2,7,3,7273
2025-07-05,0,6,5,4,0654
2025-07-07,3,6,0,6,3606
2025-07-08,5,6,2,7,5627
2025-07-09,2,7,8,9,2789
2025-07-10,9,0,1,7,9017
2025-07-11,8,4,7,8,8478
2025-07-12,0,5,8,2,0582
2025-07-14,2,0,0,5,2005
2025-07-15,7,1,6,0,7160
2025-07-16,4,0,2,0,4020
2025-07-17,3,8,6,4,3864
2025-07-18,0,6,6,3,0663
2025-07-19,5,8,3,2,5832
2025-07-21,1,6,9,6,1696
2025-07-22,6,1,3,0,6130
2025-07-23,3,5,7,8,3578
2025-07-24,1,3,1,5,1315
2025-07-25,3,9,9,4,3994
2025-07-26,3,6,5,5,3655
2025-07-28,7,4,5,1,7451
2025-07-29,2,3,5,5,2355
2025-07-30,4,5,6,1,4561
2025-07-31,1,7,4,2,1742
2025-08-01,0,1,1,6,0116
2025-08-02,1,8,6,2,1862
2025-08-04,7,8,8,8,7888
2025-08-05,4,7,4,1,4741
2025-08-06,6,3,1,1,6311
2025-08-07,8,0,4,4,8044
2025-08-08,1,4,2,2,1422
2025-08-09,7,2,9,8,7298
2025-08-11,8,0,7,1,8071
2025-08-12,9,3,1,9,9319
2025-08-13,8,7,5,0,8750
2025-08-14,1,6,8,5,1685
2025-08-15,5,1,5,9,5159
2025-08-16,3,4,8,0,3480
2025-08-18,4,0,6,7,4067
2025-08-19,5,4,3,1,5431
2025-08-20,4,6,1,4,4614
2025-08-21,0,7,9,6,0796
2025-08-22,3,4,9,6,3496
2025-08-23,7,6,9,3,7693
2025-08-25,9,5,3,9,9539
2025-08-26,0,8,9,6,0896
2025-08-27,1,1,5,6,1156
2025-08-28,9,9,3,4,9934
2025-08-29,2,2,4,3,2243
2025-08-30,8,3,0,8,8308
2025-09-01,9,0,5,9,9059
2025-09-02,7,3,2,1,7321
2025-09-03,9,5,5,9,9559
2025-09-04,7,1,5,4,7154
2025-09-05,8,5,0,9,8509
2025-09-06,1,6,4,0,1640
2025-09-08,9,3,0,5,9305
2025-09-09,5,6,9,9,5699
2025-09-10,3,5,6,0,3560
2025-09-11,3,6,3,2,3632
2025-09-12,0,9,6,4,0964
2025-09-13,4,4,3,7,4437
2025-09-15,6,3,9,1,6391
2025-09-16,9,2,8,9,9289
2025-09-17,2,4,0,0,2400
2025-09-18,0,8,5,3,0853
2025-09-19,4,3,9,1,4391
2025-09-20,6,0,9,5,6095
2025-09-22,3,8,2,3,3823
2025-09-23,5,4,0,5,5405
2025-09-24,8,4,9,4,8494
2025-09-25,9,2,1,4,9214
2025-09-26,0,5,2,1,0521
2025-09-27,3,0,0,4,3004
2025-09-29,7,4,8,9,7489
2025-09-30,7,0,7,4,7074
2025-10-01,7,0,3,8,7038
2025-10-02,7,2,6,1,7261
2025-10-03,2,0,6,4,2064
2025-10-04,7,3,9,7,7397
2025-10-06,8,4,3,7,8437
2025-10-07,8,6,3,4,8634
2025-10-08,4,9,8,1,4981
2025-10-09,0,0,0,2,0002
2025-10-10,1,0,6,3,1063
2025-10-11,3,3,7,6,3376
2025-10-13,3,1,9,1,3191
2025-10-14,2,5,8,0,2580
2025-10-15,8,6,2,7,8627
2025-10-16,0,1,4,4,0144
2025-10-17,8,1,2,7,8127
2025-10-18,5,7,4,7,5747
2025-10-20,8,6,1,6,8616
2025-10-21,3,7,2,8,3728
2025-10-22,3,6,5,8,3658
2025-10-23,8,4,9,7,8497
2025-10-24,9,4,1,9,9419
2025-10-25,8,3,7,8,8378
2025-10-27,2,4,6,8,2468
2025-10-28,9,1,6,9,9169
2025-10-29,0,0,3,7,0037
2025-10-30,7,2,2,8,7228
2025-10-31,7,3,3,2,7332
2025-11-01,8,3,6,1,8361
2025-11-03,3,1,6,3,3163
2025-11-04,0,2,1,8,0218
2025-11-05,8,5,6,6,8566
2025-11-06,8,7,3,4,8734
2025-11-07,5,8,1,3,5813
2025-11-08,0,6,7,0,0670
2025-11-10,2,2,2,1,2221
2025-11-11,8,6,7,8,8678
2025-11-12,7,8,0,1,7801
2025-11-13,6,6,2,5,6625
2025-11-14,5,4,3,5,5435
2025-11-15,1,5,3,8,1538
2025-11-17,2,4,2,2,2422
2025-11-18,9,7,1,2,9712
2025-11-19,3,2,7,7,3277
2025-11-20,5,2,4,4,5244
2025-11-21,9,6,4,9,9649
2025-11-22,9,3,8,6,9386
2025-11-24,7,7,7,8,7778
2025-11-25,0,4,4,3,0443
2025-11-26,9,3,0,4,9304
2025-11-28,4,2,4,6,4246
2025-11-29,8,2,8,1,8281
2025-12-01,7,7,9,2,7792
2025-12-02,8,1,0,2,8102
2025-12-03,3,9,8,1,3981
2025-12-04,2,2,8,6,2286
2025-12-05,2,3,8,0,2380
2025-12-06,7,0,2,3,7023
2025-12-08,7,9,4,9,7949
2025-12-09,9,6,0,3,9603
2025-12-10,7,5,6,7,7567
2025-12-11,2,3,6,2,2362
2025-12-12,7,6,4,7,7647
2025-12-13,9,8,9,0,9890
2025-12-15,1,2,6,4,1264
2025-12-16,7,0,1,4,7014
2025-12-17,8,0,5,7,8057
2025-12-18,5,2,7,5,5275
2025-12-19,4,3,5,0,4350
2025-12-20,2,0,5,9,2059
2025-12-22,7,8,9,5,7895
2025-12-23,2,4,9,7,2497
2025-12-24,9,7,4,3,9743
2025-12-26,0,9,0,4,0904
2025-12-27,9,3,2,7,9327
2025-12-29,6,0,1,7,6017
2025-12-30,5,3,2,0,5320
2025-12-31,6,8,8,0,6880
2026-01-02,0,3,3,0,0330
2026-01-03,0,4,2,6,0426
2026-01-05,9,9,4,8,9948
2026-01-07,1,0,3,5,1035
2026-01-08,3,0,0,4,3004
2026-01-09,4,4,7,3,4473
2026-01-10,2,5,7,7,2577
2026-01-12,7,0,7,9,7079
2026-01-13,4,9,7,1,4971
2026-01-14,7,5,0,9,7509
2026-01-15,1,0,8,7,1087
2026-01-16,7,0,2,0,7020
2026-01-17,6,7,4,5,6745
2026-01-19,8,9,0,8,8908
2026-01-20,5,5,6,9,5569
2026-01-21,2,5,7,7,2577
2026-01-22,6,0,7,9,6079
2026-01-23,9,4,1,9,9419
2026-01-24,0,2,4,3,0243
2026-01-26,8,1,0,1,8101
2026-01-27,4,5,9,1,4591
2026-01-28,9,1,8,5,9185
2026-01-29,1,8,9,9,1899
2026-01-30,5,8,8,0,5880
2026-01-31,8,7,6,7,8767
2026-02-02,1,4,3,8,1438
2026-02-03,9,7,7,4,9774
2026-02-04,8,5,9,9,8599
2026-02-05,8,3,6,0,8360
2026-02-06,8,9,9,2,8992
2026-02-07,6,5,2,5,6525
2026-02-09,4,8,1,5,4815
2026-02-10,3,9,5,9,3959
2026-02-11,2,2,4,2,2242
2026-02-12,1,2,0,7,1207
2026-02-13,9,6,1,1,9611
2026-02-14,9,7,9,2,9792
2026-02-16,0,3,5,1,0351
2026-02-17,2,2,1,9,2219
2026-02-18,0,0,0,6,0006
2026-02-19,8,2,2,3,8223
2026-02-20,3,4,2,5,3425
2026-02-21,4,4,8,0,4480
2026-02-23,1,4,4,1,1441
2026-02-24,1,8,3,5,1835
2026-02-25,1,6,7,4,1674
2026-02-26,4,3,0,5,4305
2026-02-27,0,9,0,5,0905
2026-02-28,5,3,5,2,5352
2026-03-02,1,8,8,0,1880
2026-03-03,7,6,0,2,7602
2026-03-04,8,4,2,5,8425
2026-03-05,5,2,6,4,5264
2026-03-06,7,8,2,8,7828
2026-03-07,0,9,7,4,0974
2026-03-09,7,4,7,9,7479
2026-03-10,8,8,6,5,8865
2026-03-11,9,6,0,4,9604
2026-03-12,9,7,2,9,9729
2026-03-13,6,7,9,6,6796
2026-03-14,4,3,3,6,4336
2026-03-16,6,1,6,0,6160
2026-03-17,7,1,2,5,7125
2026-03-18,8,9,4,1,8941
2026-03-19,2,6,0,5,2605
2026-03-20,8,1,9,1,8191
2026-03-21,4,2,4,3,4243
2026-03-23,1,0,1,3,1013
2026-03-24,0,2,4,4,0244
2026-03-25,6,9,8,0,6980
2026-03-26,8,1,7,8,8178
2026-03-27,8,0,0,8,8008
2026-03-28,9,0,3,3,9033
2026-03-30,7,9,7,4,7974
2026-03-31,3,5,6,0,3560
2026-04-01,9,4,6,1,9461
2026-04-02,0,7,1,6,0716
2026-04-04,8,6,4,4,8644
2026-04-06,5,7,8,7,5787
2026-04-07,6,7,0,3,6703
2026-04-08,9,4,9,2,9492
2026-04-09,4,4,5,3,4453
2026-04-10,1,0,6,2,1062
2026-04-11,9,7,7,0,9770
2026-04-13,4,4,7,5,4475
2026-04-14,6,1,1,7,6117
2026-04-15,6,5,2,4,6524
2026-04-16,0,2,6,9,0269
2026-04-17,2,3,5,3,2353
2026-04-18,8,1,7,9,8179
2026-04-20,5,4,1,8,5418
2026-04-21,6,7,2,2,6722
2026-04-22,3,7,9,2,3792
2026-04-23,7,1,8,4,7184
2026-04-24,8,8,7,8,8878
2026-04-25,0,5,5,0,0550
2026-04-27,0,4,1,7,0417
2026-04-28,3,7,3,6,3736
2026-04-29,5,5,7,7,5577
2026-04-30,9,4,4,1,9441
2026-05-01,8,1,2,9,8129
2026-05-02,1,0,6,1,1061
2026-05-04,5,7,9,9,5799
2026-05-05,8,6,7,5,8675
2026-05-06,4,1,7,5,4175
2026-05-07,9,6,8,2,9682
2026-05-08,4,4,7,4,4474
2026-05-09,4,3,7,0,4370
2026-05-11,3,8,0,6,3806
2026-05-12,8,0,1,2,8012
2026-05-13,5,6,9,1,5691
2026-05-14,1,4,0,6,1406
2026-05-15,9,4,6,2,9462
2026-05-16,3,3,8,2,3382
2026-05-18,0,0,7,5,0075
2026-05-19,7,8,5,4,7854
2026-05-20,7,7,5,2,7752
2026-05-21,6,4,3,1,6431
2026-05-22,7,9,4,1,7941
2026-05-23,2,4,0,9,2409
2026-05-25,4,6,3,0,4630
2026-05-26,2,7,3,9,2739
2026-05-27,3,6,4,2,3642
2026-05-28,5,0,0,1,5001
2026-05-29,9,2,8,0,9280
2026-05-30,8,7,2,8,8728
2026-06-01,7,9,9,6,7996
2026-06-02,4,8,4,8,4848
2026-06-03,0,7,3,0,0730
2026-06-04,1,1,2,7,1127
2026-06-05,7,2,1,3,7213
2026-06-06,8,3,7,4,8374
2026-06-08,0,4,1,6,0416
2026-06-09,0,3,5,4,0354
2026-06-10,2,7,7,3,2773
2026-06-11,8,3,6,1,8361
2026-06-12,2,6,4,9,2649
2026-06-13,5,7,8,0,5780
2026-06-15,0,9,4,3,0943
2026-06-16,7,6,9,1,7691
2026-06-17,7,4,9,5,7495
2026-06-18,7,1,4,9,7149
2026-06-19,8,4,9,1,8491
2026-06-20,0,1,4,8,0148
2026-06-22,6,1,8,1,6181
2026-06-23,5,7,1,9,5719
2026-06-24,8,3,6,9,8369
2026-06-25,5,3,5,1,5351
2026-06-26,3,6,1,7,3617
2026-06-27,4,6,9,3,4693
2026-06-29,1,6,4,0,1640
2026-06-30,2,8,7,5,2875
2026-07-01,6,5,8,3,6583
2026-07-02,1,5,9,8,1598
2026-07-03,9,5,9,2,9592
2026-07-06,3,3,5,9,3359
2026-07-07,8,1,8,7,8187
2026-07-08,2,9,9,4,2994
2026-07-09,4,5,7,3,4573
2026-07-10,1,3,7,1,1371
2026-07-11,2,6,3,1,2631
2026-07-13,4,3,3,9,4339
2026-07-14,3,9,9,0,3990
2026-07-15,0,5,1,7,0517
2026-07-16,8,5,3,7,8537
2026-07-17,2,2,4,3,2243
2026-07-18,2,3,8,5,2385
2026-07-20,7,5,7,2,7572
2026-07-21,6,3,2,7,6327
2026-07-22,6,5,6,3,6563
2026-07-23,0,1,0,3,0103
2026-07-24,2,4,2,7,2427
2026-07-25,6,2,9,5,6295
2026-07-27,9,3,6,0,9360
2026-07-28,8,6,8,5,8685
2026-07-29,0,1,1,8,0118
2026-07-30,3,7,8,9,3789
2026-07-31,3,7,0,9,3709
2026-08-01,6,9,6,8,6968
2026-08-03,1,6,1,6,1616
2026-08-04,8,4,6,3,8463
2026-08-05,4,7,3,8,4738
2026-08-06,0,4,7,3,0473
2026-08-07,2,2,8,6,2286
2026-08-08,0,9,9,4,0994
2026-08-10,4,8,9,4,4894
2026-08-11,1,6,4,0,1640
2026-08-12,3,3,8,2,3382
2026-08-13,1,2,5,0,1250
2026-08-14,2,5,4,8,2548
2026-08-15,9,8,3,4,9834
