date,p1,p2,p3,number
2018-11-14,5,2,4,524
2018-11-28,4,6,2,462
2018-12-12,1,1,7,117
2019-01-02,3,2,5,325
2019-01-03,3,8,5,385
2019-01-04,9,7,3,973
2019-01-05,0,7,6,076
2019-01-07,4,7,3,473
2019-01-08,0,1,5,015
2019-01-09,6,0,8,608
2019-01-10,8,1,0,810
2019-01-11,1,0,3,103
2019-01-12,4,8,4,484
2019-01-14,4,7,5,475
2019-01-15,5,9,3,593
2019-01-16,9,4,4,944
2019-01-19,4,2,6,426
2019-01-21,5,5,0,550
2019-01-22,3,8,4,384
2019-01-23,3,9,1,391
2019-01-24,6,8,7,687
2019-02-08,3,0,5,305
2019-02-14,8,1,8,818
2019-02-15,6,1,6,616
2019-02-16,4,6,1,461
2019-02-18,3,6,0,360
2019-02-19,9,2,0,920
2019-02-20,5,6,0,560
2019-02-21,7,4,3,743
2019-02-22,6,3,9,639
2019-02-23,0,1,2,012
2019-02-25,5,9,9,599
2019-02-26,4,6,4,464
2019-02-27,3,5,3,353
2019-02-28,1,8,5,185
2019-03-01,1,8,9,189
2019-03-02,1,6,7,167
2019-03-04,3,4,7,347
2019-03-05,2,5,9,259
2019-03-06,4,8,8,488
2019-03-07,6,2,4,624
2019-03-08,9,8,0,980
2019-03-09,0,5,2,052
2019-03-11,3,6,2,362
2019-03-12,3,2,1,321
2019-03-13,9,3,3,933
2019-03-14,9,2,6,926
2019-03-15,6,3,7,637
2019-03-16,7,5,2,752
2019-03-18,0,6,7,067
2019-03-19,8,7,6,876
2019-03-20,0,1,1,011
2019-03-21,6,6,5,665
2019-03-22,3,8,0,380
2019-03-23,9,6,8,968
2019-03-25,2,1,0,210
2019-03-26,5,7,2,572
2019-03-27,0,6,4,064
2019-03-28,2,7,1,271
2019-03-29,8,8,9,889
2019-03-30,9,1,3,913
2019-04-01,1,4,7,147
2019-04-02,4,6,6,466
2019-04-08,9,0,0,900
2019-04-09,8,8,7,887
2019-04-10,1,6,4,164
2019-04-11,8,0,9,809
2019-04-12,4,8,1,481
2019-04-13,2,5,5,255
2019-04-15,1,6,3,163
2019-04-16,6,8,2,682
2019-04-17,8,0,0,800
2019-04-18,8,2,4,824
2019-04-20,3,8,3,383
2019-04-22,2,4,9,249
2019-04-23,3,8,4,384
2019-04-24,7,0,0,700
2019-04-25,1,4,0,140
2019-04-26,3,5,5,355
2019-04-27,9,2,6,926
2019-04-29,7,3,7,737
2019-04-30,0,9,3,093
2019-05-01,1,7,9,179
2019-05-02,9,9,1,991
2019-05-03,2,3,6,236
2019-05-04,7,6,4,764
2019-05-06,9,0,1,901
2019-05-07,0,3,9,039
2019-05-08,6,9,6,696
2019-05-09,0,3,1,031
2019-05-10,4,1,7,417
2019-05-11,1,2,6,126
2019-05-13,9,4,6,946
2019-05-14,5,8,9,589
2019-05-15,6,6,4,664
2019-05-16,0,9,9,099
2019-05-17,6,9,3,693
2019-05-18,4,3,1,431
2019-05-20,5,8,4,584
2019-05-21,4,6,3,463
2019-05-22,6,2,5,625
2019-05-23,1,5,2,152
2019-05-24,1,0,6,106
2019-05-25,8,0,0,800
2019-05-27,1,6,6,166
2019-05-28,1,7,2,172
2019-05-29,5,7,4,574
2019-05-30,9,5,0,950
2019-05-31,5,8,2,582
2019-06-01,6,4,8,648
2019-06-03,1,7,4,174
2019-06-04,1,5,5,155
2019-06-05,5,6,1,561
2019-06-06,7,3,6,736
2019-06-07,6,9,3,693
2019-06-08,3,2,1,321
2019-06-10,6,4,1,641
2019-06-11,9,0,3,903
2019-06-12,7,1,5,715
2019-06-13,5,6,5,565
2019-06-14,5,0,6,506
2019-06-15,7,4,3,743
2019-06-17,5,3,0,530
2019-06-18,1,3,0,130
2019-06-19,9,7,9,979
2019-06-20,4,6,5,465
2019-06-21,3,5,7,357
2019-06-22,2,5,5,255
2019-06-24,2,3,8,238
2019-06-25,8,5,8,858
2019-06-26,5,8,0,580
2019-06-27,7,7,5,775
2019-06-28,6,3,0,630
2019-07-01,1,6,4,164
2019-07-02,3,8,4,384
2019-07-03,7,4,3,743
2019-07-05,3,9,4,394
2019-07-06,8,1,7,817
2019-07-08,5,9,1,591
2019-07-09,3,7,4,374
2019-07-10,8,3,4,834
2019-07-11,9,6,7,967
2019-07-12,8,0,7,807
2019-07-13,8,0,8,808
2019-07-15,1,3,0,130
2019-07-16,8,1,6,816
2019-07-17,5,9,4,594
2019-07-18,8,3,6,836
2019-07-23,3,3,7,337
2019-07-24,5,0,6,506
2019-07-25,4,0,3,403
2019-07-26,8,7,1,871
2019-07-27,5,6,4,564
2019-07-30,4,1,1,411
2019-07-31,7,5,4,754
2019-08-01,6,9,0,690
2019-08-03,8,6,1,861
2019-08-05,7,5,1,751
2019-08-06,9,3,0,930
2019-08-07,4,1,5,415
2019-08-08,8,1,9,819
2019-08-09,2,9,8,298
2019-08-10,0,3,8,038
2019-08-12,4,5,7,457
2019-08-13,9,2,1,921
2019-08-14,6,0,9,609
2019-08-16,0,5,6,056
2019-08-17,8,3,3,833
2019-08-19,0,8,6,086
2019-08-20,8,3,4,834
2019-08-21,0,0,3,003
2019-08-22,0,2,1,021
2019-08-23,9,3,4,934
2019-08-24,7,8,2,782
2019-08-26,4,3,5,435
2019-08-27,3,1,0,310
2019-08-28,4,0,6,406
2019-08-29,9,5,2,952
2019-08-30,4,0,4,404
2019-08-31,5,0,6,506
2019-09-02,4,0,7,407
2019-09-03,3,9,9,399
2019-09-04,5,7,0,570
2019-09-05,6,7,6,676
2019-09-06,9,7,2,972
2019-09-07,8,7,3,873
2019-09-09,6,4,9,649
2019-09-10,5,4,5,545
2019-09-11,1,2,2,122
2019-09-12,0,9,1,091
2019-09-13,9,0,6,906
2019-09-14,3,4,0,340
2019-09-16,4,7,6,476
2019-09-17,2,7,1,271
2019-09-18,3,3,4,334
2019-09-19,3,5,8,358
2019-09-20,1,8,7,187
2019-09-21,6,2,9,629
2019-09-23,6,3,8,638
2019-09-24,5,4,6,546
2019-09-25,7,6,6,766
2019-09-26,5,3,7,537
2019-09-27,2,9,6,296
2019-09-28,6,0,1,601
2019-09-30,4,0,7,407
2019-10-01,2,7,7,277
2019-10-02,6,6,1,661
2019-10-03,4,8,9,489
2019-10-04,0,4,9,049
2019-10-05,1,1,5,115
2019-10-07,5,0,9,509
2019-10-08,4,6,6,466
2019-10-09,6,7,6,676
2019-10-10,4,2,7,427
2019-10-11,5,6,2,562
2019-10-12,5,0,2,502
2019-10-14,6,4,1,641
2019-10-15,2,5,6,256
2019-10-16,7,2,8,728
2019-10-17,2,2,3,223
2019-10-18,4,6,3,463
2019-10-19,5,6,2,562
2019-10-21,4,9,0,490
2019-10-22,6,5,8,658
2019-10-23,8,6,9,869
2019-10-24,6,4,4,644
2019-10-25,6,8,2,682
2019-10-26,5,7,8,578
2019-10-28,8,8,6,886
2019-10-29,3,4,6,346
2019-10-30,0,4,2,042
2019-10-31,6,6,4,664
2019-11-01,5,8,3,583
2019-11-02,7,9,2,792
2019-11-04,3,1,5,315
2019-11-05,3,2,4,324
2019-11-06,7,0,9,709
2019-11-07,4,3,3,433
2019-11-08,3,8,5,385
2019-11-09,7,4,2,742
2019-11-11,1,2,3,123
2019-11-12,1,4,8,148
2019-11-13,6,3,8,638
2019-11-15,6,8,8,688
2019-11-16,6,7,5,675
2019-11-18,0,0,4,004
2019-11-19,9,5,3,953
2019-11-20,8,2,2,822
2019-11-21,2,4,2,242
2019-11-22,6,4,3,643
2019-11-23,7,1,0,710
2019-11-25,6,4,5,645
2019-11-26,9,3,1,931
2019-11-27,4,0,6,406
2019-11-29,7,1,1,711
2019-11-30,8,4,0,840
2019-12-02,9,1,1,911
2019-12-03,7,7,4,774
2019-12-04,9,3,4,934
2019-12-05,4,5,1,451
2019-12-06,3,0,2,302
2019-12-07,3,6,1,361
2019-12-09,3,0,9,309
2019-12-10,6,9,9,699
2019-12-11,7,0,5,705
2019-12-12,0,7,2,072
2019-12-13,6,0,1,601
2019-12-14,1,3,9,139
2019-12-17,0,6,3,063
2019-12-18,4,0,9,409
2019-12-19,9,4,7,947
2019-12-20,6,3,8,638
2019-12-21,1,1,9,119
2019-12-23,4,1,9,419
2019-12-24,4,3,9,439
2019-12-27,8,9,2,892
2019-12-28,0,2,3,023
2019-12-30,0,4,1,041
2019-12-31,6,5,7,657
2020-01-02,8,7,8,878
2020-01-03,2,2,3,223
2020-01-04,4,4,9,449
2020-01-07,2,9,3,293
2020-01-09,4,2,9,429
2020-01-10,8,9,9,899
2020-01-11,3,2,6,326
2020-01-13,0,6,4,064
2020-01-14,1,7,7,177
2020-01-15,6,7,8,678
2020-01-16,7,9,6,796
2020-01-17,0,8,0,080
2020-01-18,7,8,0,780
2020-01-20,1,7,9,179
2020-01-21,8,2,4,824
2020-01-22,5,1,8,518
2020-01-23,1,3,9,139
2020-01-24,8,8,0,880
2020-01-25,9,2,2,922
2020-01-27,8,0,8,808
2020-01-28,1,1,5,115
2020-01-29,9,2,5,925
2020-01-30,8,1,8,818
2020-01-31,0,7,4,074
2020-02-01,8,9,6,896
2020-02-03,4,6,5,465
2020-02-04,6,6,8,668
2020-02-05,7,0,6,706
2020-02-06,9,0,2,902
2020-02-07,7,1,9,719
2020-02-08,3,1,9,319
2020-02-10,5,7,1,571
2020-02-11,2,6,3,263
2020-02-12,5,4,6,546
2020-02-13,4,5,1,451
2020-02-15,9,3,0,930
2020-02-17,9,3,5,935
2020-02-18,3,3,2,332
2020-02-19,3,2,4,324
2020-02-20,1,9,7,197
2020-02-21,7,9,2,792
2020-02-22,1,0,2,102
2020-02-24,6,7,8,678
2020-02-25,7,4,7,747
2020-02-26,6,3,8,638
2020-02-27,4,9,6,496
2020-02-28,2,4,4,244
2020-02-29,0,7,0,070
2020-03-02,7,5,7,757
2020-03-03,0,5,2,052
2020-03-04,6,9,2,692
2020-03-05,2,2,1,221
2020-03-06,4,4,1,441
2020-03-07,0,3,0,030
2020-03-09,1,6,5,165
2020-03-10,3,1,9,319
2020-03-11,9,6,3,963
2020-03-12,7,4,4,744
2020-03-13,1,3,1,131
2020-03-14,2,6,9,269
2020-03-16,3,1,3,313
2020-03-17,7,4,5,745
2020-03-18,9,1,7,917
2020-03-19,2,2,3,223
2020-03-20,2,9,4,294
2020-03-21,1,7,4,174
2020-03-23,0,9,2,092
2020-03-24,2,9,2,292
2020-03-25,2,1,6,216
2020-03-26,5,9,4,594
2020-03-27,8,0,2,802
2020-03-28,4,0,8,408
2020-03-30,9,8,0,980
2020-03-31,6,0,7,607
2020-04-01,7,9,0,790
2020-04-02,8,6,6,866
2020-04-03,2,1,4,214
2020-04-04,8,8,0,880
2020-04-06,4,6,9,469
2020-04-07,8,2,8,828
2020-04-08,9,4,1,941
2020-04-09,7,9,0,790
2020-04-11,0,8,9,089
2020-04-13,7,1,3,713
2020-04-14,6,5,7,657
2020-04-15,4,4,0,440
2020-04-16,7,1,2,712
2020-04-17,4,8,0,480
2020-04-18,3,0,3,303
2020-04-20,2,9,3,293
2020-04-21,2,5,3,253
2020-04-22,0,7,3,073
2020-04-23,3,5,2,352
2020-04-24,7,7,7,777
2020-04-25,1,8,6,186
2020-04-27,4,6,8,468
2020-04-28,9,3,8,938
2020-04-29,8,0,1,801
2020-04-30,0,1,5,015
2020-05-01,0,3,6,036
2020-05-02,2,1,3,213
2020-05-04,7,4,5,745
2020-05-05,4,3,5,435
2020-05-06,2,6,3,263
2020-05-07,8,1,9,819
2020-05-08,3,1,5,315
2020-05-09,9,6,7,967
2020-05-11,1,8,8,188
2020-05-12,3,8,5,385
2020-05-13,0,3,1,031
2020-05-14,9,8,6,986
2020-05-15,8,5,2,852
2020-05-16,7,4,0,740
2020-05-18,1,0,2,102
2020-05-19,5,9,1,591
2020-05-20,8,1,0,810
2020-05-21,5,9,7,597
2020-05-22,6,1,3,613
2020-05-23,4,8,0,480
2020-05-25,5,8,9,589
2020-05-26,2,1,2,212
2020-05-27,0,4,8,048
2020-05-28,4,2,7,427
2020-05-29,3,8,0,380
2020-05-30,2,0,3,203
2020-06-01,1,6,6,166
2020-06-02,5,5,1,551
2020-06-03,4,6,3,463
2020-06-04,5,7,0,570
2020-06-05,9,5,7,957
2020-06-06,5,3,0,530
2020-06-08,7,4,5,745
2020-06-09,0,0,2,002
2020-06-10,0,3,9,039
2020-06-11,3,9,6,396
2020-06-12,4,9,7,497
2020-06-13,7,4,1,741
2020-06-15,1,3,5,135
2020-06-16,1,2,0,120
2020-06-17,8,2,7,827
2020-06-18,1,2,1,121
2020-06-19,1,5,0,150
2020-06-20,8,4,1,841
2020-06-22,2,1,1,211
2020-06-23,3,8,9,389
2020-06-24,6,1,3,613
2020-06-25,3,5,3,353
2020-06-26,2,2,3,223
2020-06-27,2,0,7,207
2020-06-29,1,4,6,146
2020-06-30,4,7,2,472
2020-07-01,6,7,5,675
2020-07-02,5,6,4,564
2020-07-03,4,8,1,481
2020-07-06,6,7,7,677
2020-07-07,1,2,0,120
2020-07-08,7,5,2,752
2020-07-09,0,8,8,088
2020-07-10,7,1,9,719
2020-07-11,9,1,6,916
2020-07-13,8,9,0,890
2020-07-14,4,9,6,496
2020-07-15,9,2,2,922
2020-07-16,7,6,6,766
2020-07-17,5,6,5,565
2020-07-18,3,4,2,342
2020-07-20,7,2,0,720
2020-07-21,8,5,8,858
2020-07-22,2,9,9,299
2020-07-23,0,9,5,095
2020-07-24,4,6,0,460
2020-07-25,3,9,0,390
2020-07-27,6,4,0,640
2020-07-28,2,8,1,281
2020-07-29,0,5,1,051
2020-08-01,9,9,7,997
2020-08-03,9,2,8,928
2020-08-04,7,0,0,700
2020-08-05,3,2,2,322
2020-08-06,0,5,0,050
2020-08-07,1,6,7,167
2020-08-08,1,8,0,180
2020-08-10,9,7,5,975
2020-08-11,4,6,6,466
2020-08-12,5,2,8,528
2020-08-13,5,0,0,500
2020-08-14,2,5,8,258
2020-08-15,1,5,7,157
2020-08-17,2,0,2,202
2020-08-18,5,7,1,571
2020-08-19,2,5,4,254
2020-08-20,0,9,9,099
2020-08-21,3,8,5,385
2020-08-25,4,3,9,439
2020-08-26,2,9,4,294
2020-08-27,5,8,3,583
2020-08-28,6,1,5,615
2020-08-29,4,4,4,444
2020-08-31,3,6,7,367
2020-09-01,7,0,0,700
2020-09-02,2,1,4,214
2020-09-03,9,6,8,968
2020-09-04,8,3,7,837
2020-09-05,5,8,0,580
2020-09-07,0,3,1,031
2020-09-08,6,0,8,608
2020-09-09,8,4,1,841
2020-09-10,2,3,8,238
2020-09-11,2,2,4,224
2020-09-12,0,9,4,094
2020-09-14,6,4,0,640
2020-09-15,9,3,9,939
2020-09-16,9,7,7,977
2020-09-17,5,2,5,525
2020-09-18,0,7,4,074
2020-09-19,5,6,6,566
2020-09-21,3,3,5,335
2020-09-22,8,4,6,846
2020-09-23,7,5,2,752
2020-09-24,3,2,3,323
2020-09-25,8,6,9,869
2020-09-26,5,0,9,509
2020-09-28,7,0,1,701
2020-09-29,1,7,7,177
2020-09-30,5,3,3,533
2020-10-01,4,3,3,433
2020-10-02,1,8,0,180
2020-10-03,9,6,3,963
2020-10-05,4,3,9,439
2020-10-06,4,3,5,435
2020-10-07,7,6,5,765
2020-10-08,1,7,5,175
2020-10-09,3,3,6,336
2020-10-10,3,7,9,379
2020-10-12,8,1,8,818
2020-10-13,8,2,7,827
2020-10-14,7,1,1,711
2020-10-15,7,7,5,775
2020-10-16,9,4,2,942
2020-10-17,0,4,0,040
2020-10-19,8,2,9,829
2020-10-20,2,6,6,266
2020-10-21,1,8,3,183
2020-10-22,9,3,1,931
2020-10-23,7,1,8,718
2020-10-24,1,3,4,134
2020-10-26,1,7,9,179
2020-10-27,4,5,2,452
2020-10-28,7,6,1,761
2020-10-29,1,5,5,155
2020-10-30,0,3,1,031
2020-10-31,6,4,2,642
2020-11-02,5,4,2,542
2020-11-04,4,6,1,461
2020-11-05,2,6,2,262
2020-11-06,6,2,0,620
2020-11-07,6,2,1,621
2020-11-09,1,5,1,151
2020-11-10,2,4,6,246
2020-11-11,7,4,0,740
2020-11-12,8,0,0,800
2020-11-13,8,1,4,814
2020-11-14,6,1,9,619
2020-11-16,6,5,6,656
2020-11-17,1,5,5,155
2020-11-19,2,3,5,235
2020-11-20,0,0,6,006
2020-11-21,2,3,6,236
2020-11-23,1,5,7,157
2020-11-24,1,3,4,134
2020-11-27,1,5,8,158
2020-11-28,6,3,3,633
2020-11-30,2,5,3,253
2020-12-01,4,8,6,486
2020-12-02,1,4,6,146
2020-12-03,7,4,8,748
2020-12-04,7,8,6,786
2020-12-05,2,7,8,278
2020-12-07,5,8,7,587
2020-12-08,0,3,3,033
2020-12-09,0,5,6,056
2020-12-10,7,1,4,714
2020-12-11,3,6,3,363
2020-12-12,2,6,7,267
2020-12-14,5,3,7,537
2020-12-15,3,1,9,319
2020-12-16,2,1,7,217
2020-12-17,7,5,0,750
2020-12-18,6,3,2,632
2020-12-19,5,6,0,560
2020-12-21,5,0,9,509
2020-12-22,7,4,7,747
2020-12-23,6,9,3,693
2020-12-24,0,9,4,094
2020-12-26,2,6,3,263
2020-12-28,7,5,3,753
2020-12-29,2,7,3,273
2020-12-30,4,7,7,477
2020-12-31,0,6,8,068
2021-01-02,3,2,6,326
2021-01-04,1,4,6,146
2021-01-05,9,6,1,961
2021-01-07,4,8,8,488
2021-01-08,1,3,3,133
2021-01-09,8,2,2,822
2021-01-11,6,1,6,616
2021-01-12,9,3,6,936
2021-01-13,6,2,8,628
2021-01-14,3,5,0,350
2021-01-15,1,5,6,156
2021-01-16,3,6,0,360
2021-01-18,0,7,9,079
2021-01-19,9,5,7,957
2021-01-20,7,7,6,776
2021-01-21,3,3,8,338
2021-01-22,7,2,1,721
2021-01-23,2,8,7,287
2021-01-25,7,9,1,791
2021-01-26,9,3,9,939
2021-01-27,4,1,9,419
2021-01-28,4,1,6,416
2021-01-29,3,3,3,333
2021-01-30,2,7,9,279
2021-02-01,1,0,0,100
2021-02-02,8,0,2,802
2021-02-03,5,2,2,522
2021-02-04,6,8,7,687
2021-02-05,6,5,9,659
2021-02-06,8,8,0,880
2021-02-08,0,9,9,099
2021-02-09,2,4,4,244
2021-02-10,6,7,3,673
2021-02-11,5,5,5,555
2021-02-12,4,1,1,411
2021-02-13,7,7,0,770
2021-02-15,1,6,1,161
2021-02-16,3,4,3,343
2021-02-20,7,6,2,762
2021-02-22,3,7,9,379
2021-02-23,0,2,9,029
2021-02-24,0,5,4,054
2021-02-25,4,1,2,412
2021-02-26,6,3,7,637
2021-02-27,7,1,1,711
2021-03-01,1,0,7,107
2021-03-02,4,3,6,436
2021-03-03,1,9,7,197
2021-03-04,0,4,9,049
2021-03-05,9,3,9,939
2021-03-06,3,9,2,392
2021-03-08,7,2,2,722
2021-03-09,6,2,2,622
2021-03-10,1,7,3,173
2021-03-11,0,5,7,057
2021-03-12,0,3,3,033
2021-03-13,6,0,2,602
2021-03-15,9,3,8,938
2021-03-16,1,6,7,167
2021-03-17,7,6,8,768
2021-03-18,2,3,5,235
2021-03-19,1,8,1,181
2021-03-20,7,8,6,786
2021-03-22,0,0,9,009
2021-03-23,7,5,8,758
2021-03-24,5,0,6,506
2021-03-25,8,9,4,894
2021-03-26,6,8,2,682
2021-03-27,8,7,4,874
2021-03-29,2,4,9,249
2021-03-30,7,3,9,739
2021-03-31,1,9,4,194
2021-04-01,9,0,3,903
2021-04-03,6,4,8,648
2021-04-05,7,6,6,766
2021-04-06,0,1,4,014
2021-04-07,7,0,0,700
2021-04-08,0,2,9,029
2021-04-09,6,5,0,650
2021-04-10,7,4,9,749
2021-04-12,9,7,4,974
2021-04-13,2,8,7,287
2021-04-14,8,3,3,833
2021-04-15,1,8,2,182
2021-04-16,8,0,8,808
2021-04-17,5,0,1,501
2021-04-19,0,8,9,089
2021-04-20,4,3,1,431
2021-04-21,1,9,2,192
2021-04-22,1,6,4,164
2021-04-23,6,4,0,640
2021-04-24,4,6,1,461
2021-04-26,3,2,5,325
2021-04-27,9,6,8,968
2021-04-28,3,8,2,382
2021-04-29,9,5,6,956
2021-04-30,5,1,1,511
2021-05-01,6,3,5,635
2021-05-03,0,2,4,024
2021-05-04,4,1,8,418
2021-05-05,7,9,5,795
2021-05-06,3,6,1,361
2021-05-07,3,2,7,327
2021-05-08,8,2,7,827
2021-05-10,4,8,5,485
2021-05-11,3,8,9,389
2021-05-12,2,1,4,214
2021-05-13,4,0,4,404
2021-05-14,3,8,3,383
2021-05-15,4,7,1,471
2021-05-17,3,9,9,399
2021-05-18,2,4,7,247
2021-05-19,3,1,4,314
2021-05-20,6,1,1,611
2021-05-21,6,7,5,675
2021-05-22,6,4,5,645
2021-05-24,1,9,1,191
2021-05-25,8,5,3,853
2021-05-26,3,3,1,331
2021-05-27,7,3,6,736
2021-05-28,7,1,5,715
2021-05-29,8,6,5,865
2021-06-01,6,4,7,647
2021-06-02,6,7,5,675
2021-06-03,2,5,0,250
2021-06-04,7,8,1,781
2021-06-05,1,3,5,135
2021-06-07,1,9,5,195
2021-06-08,4,8,1,481
2021-06-09,8,0,9,809
2021-06-10,3,4,4,344
2021-06-11,8,6,4,864
2021-06-12,3,8,4,384
2021-06-14,6,8,1,681
2021-06-15,7,0,1,701
2021-06-16,8,3,3,833
2021-06-17,5,5,9,559
2021-06-18,2,1,0,210
2021-06-19,6,0,3,603
2021-06-21,2,9,3,293
2021-06-22,9,9,1,991
2021-06-23,1,5,3,153
2021-06-24,0,5,3,053
2021-06-25,2,6,9,269
2021-06-26,9,5,7,957
2021-06-28,6,9,6,696
2021-06-29,6,6,9,669
2021-06-30,3,7,6,376
2021-07-01,3,3,8,338
2021-07-02,0,0,8,008
2021-07-03,0,5,3,053
2021-07-06,3,7,5,375
2021-07-07,6,6,4,664
2021-07-08,0,8,7,087
2021-07-09,3,1,0,310
2021-07-10,1,3,2,132
2021-07-12,8,3,1,831
2021-07-13,1,8,3,183
2021-07-14,3,6,6,366
2021-07-15,5,2,8,528
2021-07-16,6,9,0,690
2021-07-17,8,9,4,894
2021-07-19,8,8,0,880
2021-07-20,0,8,3,083
2021-07-21,7,7,5,775
2021-07-22,2,9,3,293
2021-07-23,6,3,2,632
2021-07-24,4,5,6,456
2021-07-26,4,8,7,487
2021-07-27,6,1,4,614
2021-07-28,3,6,2,362
2021-07-29,8,9,1,891
2021-07-30,9,4,5,945
2021-07-31,7,8,8,788
2021-08-02,3,5,8,358
2021-08-03,3,5,3,353
2021-08-04,0,8,3,083
2021-08-05,6,1,1,611
2021-08-06,3,7,9,379
2021-08-07,9,9,9,999
2021-08-09,0,9,2,092
2021-08-10,5,5,7,557
2021-08-11,7,9,0,790
2021-08-12,1,2,6,126
2021-08-13,8,9,8,898
2021-08-14,1,4,1,141
2021-08-16,3,2,4,324
2021-08-17,1,2,9,129
2021-08-18,0,1,8,018
2021-08-19,8,7,7,877
2021-08-20,7,7,9,779
2021-08-21,3,5,3,353
2021-08-23,2,9,1,291
2021-08-24,8,7,3,873
2021-08-25,6,2,5,625
2021-08-26,6,3,3,633
2021-08-27,1,0,1,101
2021-08-28,6,9,5,695
2021-08-30,9,2,4,924
2021-08-31,0,7,2,072
2021-09-01,3,7,1,371
2021-09-02,8,6,1,861
2021-09-03,8,1,7,817
2021-09-04,2,5,5,255
2021-09-06,0,1,1,011
2021-09-07,7,6,9,769
2021-09-08,7,5,7,757
2021-09-09,4,1,5,415
2021-09-10,7,1,6,716
2021-09-11,8,2,1,821
2021-09-13,6,2,1,621
2021-09-14,8,2,8,828
2021-09-15,6,5,0,650
2021-09-16,6,4,5,645
2021-09-17,9,5,0,950
2021-09-18,5,2,9,529
2021-09-20,1,4,3,143
2021-09-21,1,2,5,125
2021-09-22,4,8,1,481
2021-09-23,6,4,7,647
2021-09-24,4,6,7,467
2021-09-25,2,4,3,243
2021-09-27,5,5,5,555
2021-09-28,7,2,4,724
2021-09-29,9,6,3,963
2021-09-30,2,8,1,281
2021-10-01,9,0,1,901
2021-10-02,6,0,8,608
2021-10-04,9,8,6,986
2021-10-05,4,4,2,442
2021-10-06,7,7,1,771
2021-10-07,8,2,9,829
2021-10-08,0,1,6,016
2021-10-09,0,0,9,009
2021-10-11,4,4,1,441
2021-10-12,2,5,1,251
2021-10-13,1,5,8,158
2021-10-14,0,4,1,041
2021-10-15,2,0,0,200
2021-10-16,3,6,4,364
2021-10-18,2,0,4,204
2021-10-19,2,6,6,266
2021-10-20,3,9,5,395
2021-10-21,0,3,0,030
2021-10-22,7,9,0,790
2021-10-23,4,0,3,403
2021-10-25,1,1,3,113
2021-10-26,5,4,8,548
2021-10-27,2,7,5,275
2021-10-28,6,1,6,616
2021-10-29,3,3,1,331
2021-10-30,1,3,5,135
2021-11-01,0,7,4,074
2021-11-02,7,1,9,719
2021-11-03,4,3,4,434
2021-11-04,9,4,9,949
2021-11-05,2,4,6,246
2021-11-06,7,3,9,739
2021-11-08,4,5,3,453
2021-11-09,0,0,5,005
2021-11-10,8,7,9,879
2021-11-11,0,5,5,055
2021-11-12,2,5,6,256
2021-11-13,4,5,9,459
2021-11-15,1,5,6,156
2021-11-16,1,1,7,117
2021-11-17,1,8,0,180
2021-11-18,9,8,9,989
2021-11-19,4,4,3,443
2021-11-20,1,4,0,140
2021-11-22,7,4,6,746
2021-11-23,0,6,9,069
2021-11-24,3,1,9,319
2021-11-26,4,3,8,438
2021-11-27,1,5,5,155
2021-11-29,2,1,6,216
2021-11-30,8,5,8,858
2021-12-01,9,4,3,943
2021-12-02,3,8,8,388
2021-12-03,9,3,7,937
2021-12-04,7,0,4,704
2021-12-06,3,2,8,328
2021-12-07,9,3,2,932
2021-12-08,0,0,9,009
2021-12-09,2,6,9,269
2021-12-10,4,8,7,487
2021-12-11,2,8,0,280
2021-12-13,5,0,4,504
2021-12-14,9,4,8,948
2021-12-15,0,1,0,010
2021-12-16,3,2,2,322
2021-12-17,3,1,0,310
2021-12-18,8,8,5,885
2021-12-20,9,2,2,922
2021-12-21,4,0,4,404
2021-12-22,6,1,4,614
2021-12-23,8,2,5,825
2021-12-24,8,7,2,872
2021-12-27,6,5,8,658
2021-12-28,2,0,9,209
2021-12-29,3,3,3,333
2021-12-30,6,2,0,620
2021-12-31,6,0,7,607
2022-01-03,2,9,4,294
2022-01-04,5,7,9,579
2022-01-05,3,0,6,306
2022-01-07,7,5,3,753
2022-01-08,8,8,4,884
2022-01-10,3,0,3,303
2022-01-11,8,8,3,883
2022-01-12,1,3,7,137
2022-01-13,4,8,5,485
2022-01-14,5,7,8,578
2022-01-15,0,6,5,065
2022-01-17,0,2,1,021
2022-01-18,8,2,9,829
2022-01-19,0,8,2,082
2022-01-20,1,6,1,161
2022-01-21,2,5,5,255
2022-01-22,9,4,7,947
2022-01-24,0,3,6,036
2022-01-25,6,5,4,654
2022-01-26,0,3,0,030
2022-01-27,0,0,1,001
2022-01-28,1,9,7,197
2022-01-29,9,2,6,926
2022-01-31,9,5,6,956
2022-02-01,4,9,6,496
2022-02-02,3,4,6,346
2022-02-03,4,2,1,421
2022-02-04,3,7,4,374
2022-02-05,6,9,8,698
2022-02-07,0,5,4,054
2022-02-08,5,9,0,590
2022-02-09,7,5,3,753
2022-02-10,7,2,0,720
2022-02-11,9,6,4,964
2022-02-12,3,6,7,367
2022-02-14,7,9,1,791
2022-02-15,0,0,6,006
2022-02-16,3,3,5,335
2022-02-17,8,1,4,814
2022-02-18,4,3,5,435
2022-02-19,1,5,7,157
2022-02-21,7,6,1,761
2022-02-22,4,9,4,494
2022-02-23,8,0,2,802
2022-02-24,0,3,2,032
2022-02-25,5,6,9,569
2022-02-26,1,8,7,187
2022-02-28,5,0,0,500
2022-03-01,3,4,3,343
2022-03-02,3,4,3,343
2022-03-03,8,6,6,866
2022-03-04,6,0,9,609
2022-03-05,1,1,5,115
2022-03-07,0,7,2,072
2022-03-08,8,1,0,810
2022-03-09,4,0,5,405
2022-03-10,2,2,4,224
2022-03-11,6,0,8,608
2022-03-12,2,4,7,247
2022-03-14,1,8,9,189
2022-03-15,9,8,3,983
2022-03-16,7,5,8,758
2022-03-17,6,8,9,689
2022-03-18,3,0,6,306
2022-03-19,9,6,3,963
2022-03-21,4,9,3,493
2022-03-22,7,7,9,779
2022-03-23,3,0,4,304
2022-03-24,4,8,9,489
2022-03-25,4,0,2,402
2022-03-26,1,2,9,129
2022-03-28,5,6,1,561
2022-03-29,1,8,6,186
2022-03-30,0,8,0,080
2022-03-31,5,9,9,599
2022-04-01,7,4,7,747
2022-04-02,2,3,8,238
2022-04-04,2,1,8,218
2022-04-05,1,4,8,148
2022-04-06,3,1,0,310
2022-04-07,3,5,0,350
2022-04-08,9,2,3,923
2022-04-09,2,5,3,253
2022-04-11,1,4,1,141
2022-04-12,1,5,3,153
2022-04-13,3,8,4,384
2022-04-14,5,4,6,546
2022-04-16,3,6,7,367
2022-04-18,8,6,2,862
2022-04-19,4,2,4,424
2022-04-20,7,5,2,752
2022-04-21,2,7,2,272
2022-04-22,3,3,8,338
2022-04-23,2,4,5,245
2022-04-25,5,8,1,581
2022-04-26,5,0,8,508
2022-04-27,9,8,2,982
2022-04-28,1,9,8,198
2022-04-29,2,6,1,261
2022-04-30,6,4,8,648
2022-05-02,4,2,7,427
2022-05-03,2,2,4,224
2022-05-04,4,8,1,481
2022-05-05,9,2,3,923
2022-05-06,0,2,9,029
2022-05-07,8,5,5,855
2022-05-09,8,1,8,818
2022-05-10,3,8,1,381
2022-05-11,0,4,2,042
2022-05-12,4,0,7,407
2022-05-13,4,9,9,499
2022-05-14,5,8,5,585
2022-05-16,1,7,4,174
2022-05-17,5,0,7,507
2022-05-18,5,4,9,549
2022-05-19,6,5,0,650
2022-05-20,2,9,0,290
2022-05-21,6,2,5,625
2022-05-23,2,3,8,238
2022-05-24,1,0,5,105
2022-05-25,4,1,4,414
2022-05-26,7,6,3,763
2022-05-27,8,9,3,893
2022-05-28,9,0,9,909
2022-05-30,1,8,3,183
2022-05-31,6,7,3,673
2022-06-01,8,6,2,862
2022-06-02,8,1,9,819
2022-06-03,8,5,6,856
2022-06-04,1,0,3,103
2022-06-06,6,8,3,683
2022-06-07,2,8,3,283
2022-06-08,4,3,0,430
2022-06-09,3,1,6,316
2022-06-10,0,5,4,054
2022-06-11,6,6,3,663
2022-06-13,7,6,6,766
2022-06-14,9,6,5,965
2022-06-15,7,1,9,719
2022-06-16,9,3,0,930
2022-06-17,0,9,2,092
2022-06-18,5,1,2,512
2022-06-20,5,2,9,529
2022-06-21,3,6,0,360
2022-06-22,4,5,3,453
2022-06-23,3,3,3,333
2022-06-24,9,1,0,910
2022-06-25,3,3,2,332
2022-06-27,5,0,3,503
2022-06-28,3,5,8,358
2022-06-29,3,2,0,320
2022-06-30,8,3,1,831
2022-07-01,0,7,8,078
2022-07-02,8,6,1,861
2022-07-05,4,7,0,470
2022-07-06,1,9,3,193
2022-07-07,0,6,9,069
2022-07-08,5,0,3,503
2022-07-09,9,0,0,900
2022-07-11,6,5,1,651
2022-07-12,5,1,7,517
2022-07-13,5,9,7,597
2022-07-14,1,9,0,190
2022-07-15,5,4,4,544
2022-07-16,5,4,5,545
2022-07-18,1,6,1,161
2022-07-19,7,7,9,779
2022-07-20,8,8,9,889
2022-07-21,5,2,2,522
2022-07-22,3,4,6,346
2022-07-23,7,6,7,767
2022-07-25,9,9,0,990
2022-07-26,4,6,5,465
2022-07-27,3,8,9,389
2022-07-28,6,2,1,621
2022-07-29,3,4,6,346
2022-07-30,7,1,7,717
2022-08-01,2,9,6,296
2022-08-02,9,0,6,906
2022-08-03,4,4,1,441
2022-08-04,4,5,4,454
2022-08-05,7,8,6,786
2022-08-06,0,7,1,071
2022-08-08,4,9,2,492
2022-08-09,7,4,1,741
2022-08-10,7,3,5,735
2022-08-11,0,0,3,003
2022-08-12,1,6,4,164
2022-08-13,9,4,3,943
2022-08-15,6,7,2,672
2022-08-16,3,8,0,380
2022-08-17,6,2,2,622
2022-08-18,1,1,2,112
2022-08-19,4,6,4,464
2022-08-20,9,3,6,936
2022-08-22,3,9,2,392
2022-08-23,2,9,1,291
2022-08-24,8,5,2,852
2022-08-25,9,5,0,950
2022-08-26,8,5,3,853
2022-08-27,3,0,0,300
2022-08-29,7,4,6,746
2022-08-30,3,5,7,357
2022-08-31,9,2,1,921
2022-09-01,9,1,2,912
2022-09-02,3,6,8,368
2022-09-03,2,8,6,286
2022-09-05,7,2,1,721
2022-09-06,2,9,6,296
2022-09-07,5,9,3,593
2022-09-08,3,0,4,304
2022-09-09,8,9,1,891
2022-09-10,9,2,3,923
2022-09-12,7,2,1,721
2022-09-13,5,9,2,592
2022-09-14,9,4,5,945
2022-09-15,9,6,5,965
2022-09-16,5,6,6,566
2022-09-17,9,8,3,983
2022-09-19,3,1,2,312
2022-09-20,3,4,1,341
2022-09-21,3,4,7,347
2022-09-22,3,5,9,359
2022-09-23,3,8,5,385
2022-09-24,6,4,0,640
2022-09-26,9,2,2,922
2022-09-27,5,8,4,584
2022-09-28,4,8,9,489
2022-09-29,5,4,1,541
2022-09-30,4,4,6,446
2022-10-01,1,9,4,194
2022-10-03,6,2,4,624
2022-10-04,1,3,6,136
2022-10-05,6,0,2,602
2022-10-06,7,9,1,791
2022-10-07,3,5,8,358
2022-10-08,9,1,8,918
2022-10-10,4,2,5,425
2022-10-11,1,8,2,182
2022-10-12,0,1,2,012
2022-10-13,1,4,9,149
2022-10-14,0,8,8,088
2022-10-15,2,9,4,294
2022-10-17,9,6,1,961
2022-10-18,1,5,5,155
2022-10-19,3,1,0,310
2022-10-20,9,4,9,949
2022-10-21,2,3,6,236
2022-10-22,9,9,4,994
2022-10-24,9,8,5,985
2022-10-25,9,9,0,990
2022-10-26,7,3,5,735
2022-10-27,8,6,4,864
2022-10-28,1,4,6,146
2022-10-29,9,0,2,902
2022-10-31,6,5,6,656
2022-11-01,3,6,8,368
2022-11-02,4,3,7,437
2022-11-03,1,6,8,168
2022-11-04,5,2,0,520
2022-11-05,5,7,2,572
2022-11-07,4,2,2,422
2022-11-08,0,2,3,023
2022-11-09,5,8,7,587
2022-11-10,3,0,0,300
2022-11-11,8,8,2,882
2022-11-12,4,0,2,402
2022-11-14,1,1,1,111
2022-11-15,7,6,5,765
2022-11-16,0,7,0,070
2022-11-17,7,6,3,763
2022-11-18,8,5,2,852
2022-11-19,9,8,9,989
2022-11-21,7,9,6,796
2022-11-22,9,2,4,924
2022-11-23,8,7,9,879
2022-11-25,2,9,9,299
2022-11-26,5,4,2,542
2022-11-28,0,1,8,018
2022-11-29,2,3,8,238
2022-11-30,2,2,7,227
2022-12-01,4,4,3,443
2022-12-02,4,0,9,409
2022-12-03,5,3,6,536
2022-12-05,8,5,0,850
2022-12-06,0,0,3,003
2022-12-07,7,1,9,719
2022-12-08,2,5,6,256
2022-12-09,6,1,5,615
2022-12-10,0,7,9,079
2022-12-12,0,0,7,007
2022-12-13,6,1,0,610
2022-12-14,2,6,1,261
2022-12-15,3,8,7,387
2022-12-16,8,7,6,876
2022-12-17,4,8,2,482
2022-12-19,8,2,9,829
2022-12-20,4,1,3,413
2022-12-21,3,2,1,321
2022-12-22,0,7,7,077
2022-12-23,9,0,5,905
2022-12-24,4,9,4,494
2022-12-27,9,7,7,977
2022-12-28,5,1,3,513
2022-12-29,2,8,0,280
2022-12-30,8,5,4,854
2022-12-31,3,2,4,324
2023-01-03,0,5,7,057
2023-01-04,6,3,9,639
2023-01-05,1,4,7,147
2023-01-07,5,5,4,554
2023-01-09,7,0,2,702
2023-01-10,4,7,4,474
2023-01-11,5,7,8,578
2023-01-12,7,4,6,746
2023-01-13,5,4,1,541
2023-01-14,8,1,3,813
2023-01-16,3,6,6,366
2023-01-17,4,1,9,419
2023-01-18,5,1,2,512
2023-01-19,5,2,9,529
2023-01-20,3,3,6,336
2023-01-21,8,8,0,880
2023-01-23,5,9,5,595
2023-01-24,7,3,2,732
2023-01-25,0,6,3,063
2023-01-26,5,8,9,589
2023-01-27,4,0,1,401
2023-01-28,7,5,5,755
2023-01-30,7,2,2,722
2023-01-31,2,4,3,243
2023-02-01,5,9,5,595
2023-02-02,7,0,3,703
2023-02-03,6,1,0,610
2023-02-04,5,5,1,551
2023-02-06,1,4,3,143
2023-02-07,7,4,9,749
2023-02-08,2,8,2,282
2023-02-09,8,5,9,859
2023-02-10,7,2,7,727
2023-02-11,9,2,1,921
2023-02-13,4,6,4,464
2023-02-14,1,3,7,137
2023-02-15,2,9,2,292
2023-02-16,3,8,7,387
2023-02-17,8,8,5,885
2023-02-18,9,2,0,920
2023-02-20,3,5,6,356
2023-02-21,4,7,0,470
2023-02-22,8,7,5,875
2023-02-23,3,3,3,333
2023-02-24,6,1,4,614
2023-02-25,7,0,5,705
2023-02-27,3,7,7,377
2023-02-28,7,0,9,709
2023-03-01,2,9,4,294
2023-03-02,1,1,7,117
2023-03-03,6,8,7,687
2023-03-04,1,2,2,122
2023-03-06,7,6,5,765
2023-03-07,5,6,3,563
2023-03-08,1,8,7,187
2023-03-09,5,7,3,573
2023-03-10,8,8,1,881
2023-03-11,7,7,8,778
2023-03-13,3,8,3,383
2023-03-14,0,9,9,099
2023-03-15,1,0,5,105
2023-03-16,6,0,8,608
2023-03-17,4,2,7,427
2023-03-18,8,5,6,856
2023-03-20,0,9,7,097
2023-03-21,2,4,2,242
2023-03-22,8,5,9,859
2023-03-23,9,5,9,959
2023-03-24,4,5,5,455
2023-03-25,5,5,5,555
2023-03-27,5,9,2,592
2023-03-28,8,9,7,897
2023-03-29,5,3,6,536
2023-03-30,3,3,8,338
2023-03-31,8,1,5,815
2023-04-01,7,0,6,706
2023-04-03,7,0,1,701
2023-04-04,0,9,8,098
2023-04-05,2,7,8,278
2023-04-06,1,3,2,132
2023-04-08,7,5,2,752
2023-04-10,8,2,0,820
2023-04-11,6,8,6,686
2023-04-12,7,3,4,734
2023-04-13,5,4,6,546
2023-04-14,5,2,5,525
2023-04-15,4,8,3,483
2023-04-17,5,1,2,512
2023-04-18,1,9,1,191
2023-04-19,4,1,3,413
2023-04-20,3,7,5,375
2023-04-21,8,0,7,807
2023-04-22,0,8,2,082
2023-04-24,9,8,5,985
2023-04-25,6,3,4,634
2023-04-26,7,1,3,713
2023-04-27,3,1,0,310
2023-04-28,3,6,6,366
2023-04-29,8,8,0,880
2023-05-01,1,8,4,184
2023-05-02,9,3,9,939
2023-05-03,1,3,0,130
2023-05-04,5,5,4,554
2023-05-05,0,7,0,070
2023-05-06,8,8,8,888
2023-05-08,8,8,6,886
2023-05-09,0,7,3,073
2023-05-10,2,6,7,267
2023-05-11,0,6,8,068
2023-05-12,7,9,9,799
2023-05-13,0,2,5,025
2023-05-15,9,6,2,962
2023-05-16,1,2,6,126
2023-05-17,9,8,4,984
2023-05-18,2,1,2,212
2023-05-19,5,1,6,516
2023-05-20,1,3,8,138
2023-05-22,5,9,1,591
2023-05-23,3,7,2,372
2023-05-24,6,6,6,666
2023-05-25,3,0,4,304
2023-05-26,6,2,1,621
2023-05-27,5,0,1,501
2023-05-29,5,1,8,518
2023-05-30,4,4,8,448
2023-05-31,4,9,9,499
2023-06-01,4,0,2,402
2023-06-02,7,5,8,758
2023-06-03,9,1,7,917
2023-06-05,2,9,8,298
2023-06-06,0,7,5,075
2023-06-07,8,4,5,845
2023-06-08,3,7,5,375
2023-06-09,4,7,9,479
2023-06-10,4,6,9,469
2023-06-12,3,9,2,392
2023-06-13,9,9,0,990
2023-06-14,9,0,5,905
2023-06-15,1,7,9,179
2023-06-16,3,0,7,307
2023-06-17,2,1,5,215
2023-06-19,5,3,9,539
2023-06-20,1,6,6,166
2023-06-21,2,2,0,220
2023-06-22,6,5,1,651
2023-06-23,0,9,6,096
2023-06-24,3,9,7,397
2023-06-26,9,4,7,947
2023-06-27,8,7,4,874
2023-06-28,7,2,7,727
2023-06-29,0,4,8,048
2023-06-30,1,1,5,115
2023-07-01,4,8,1,481
2023-07-03,6,9,8,698
2023-07-05,0,0,7,007
2023-07-06,1,4,8,148
2023-07-07,1,5,7,157
2023-07-08,1,6,1,161
2023-07-10,5,1,3,513
2023-07-11,6,0,9,609
2023-07-12,9,8,5,985
2023-07-13,5,9,7,597
2023-07-14,1,0,3,103
2023-07-15,7,7,7,777
2023-07-17,1,8,8,188
2023-07-18,7,4,6,746
2023-07-19,9,6,1,961
2023-07-20,1,9,0,190
2023-07-21,9,3,4,934
2023-07-22,0,9,7,097
2023-07-24,0,4,4,044
2023-07-25,6,7,5,675
2023-07-26,4,6,1,461
2023-07-27,9,2,3,923
2023-07-28,7,5,8,758
2023-07-29,6,4,0,640
2023-07-31,4,6,5,465
2023-08-01,1,0,8,108
2023-08-02,3,1,0,310
2023-08-03,5,2,8,528
2023-08-04,4,4,7,447
2023-08-05,2,3,1,231
2023-08-07,4,4,9,449
2023-08-08,9,2,4,924
2023-08-09,3,2,6,326
2023-08-10,4,7,8,478
2023-08-11,6,6,5,665
2023-08-12,3,4,1,341
2023-08-14,3,8,7,387
2023-08-15,3,2,0,320
2023-08-16,3,1,8,318
2023-08-17,9,7,2,972
2023-08-18,1,3,7,137
2023-08-19,7,3,2,732
2023-08-21,3,4,9,349
2023-08-22,8,9,8,898
2023-08-23,6,7,1,671
2023-08-24,6,9,4,694
2023-08-25,7,4,8,748
2023-08-26,5,8,1,581
2023-08-28,0,9,5,095
2023-08-29,6,7,6,676
2023-08-30,2,0,0,200
2023-08-31,1,0,7,107
2023-09-01,8,3,6,836
2023-09-02,9,8,8,988
2023-09-04,5,3,7,537
2023-09-05,3,0,5,305
2023-09-06,1,8,8,188
2023-09-07,9,6,1,961
2023-09-08,8,0,4,804
2023-09-09,7,9,2,792
2023-09-11,2,6,9,269
2023-09-12,1,4,9,149
2023-09-13,1,1,7,117
2023-09-14,8,1,5,815
2023-09-15,2,5,3,253
2023-09-16,4,3,9,439
2023-09-18,2,5,5,255
2023-09-19,6,7,1,671
2023-09-20,8,8,6,886
2023-09-21,8,1,9,819
2023-09-22,5,5,7,557
2023-09-23,0,0,5,005
2023-09-25,5,9,9,599
2023-09-26,4,9,2,492
2023-09-27,7,3,5,735
2023-09-28,7,8,6,786
2023-09-29,7,4,9,749
2023-09-30,2,7,0,270
2023-10-02,5,4,9,549
2023-10-03,8,5,3,853
2023-10-04,8,7,4,874
2023-10-05,9,9,9,999
2023-10-06,4,5,6,456
2023-10-07,1,8,6,186
2023-10-09,5,2,2,522
2023-10-10,8,2,6,826
2023-10-11,7,0,4,704
2023-10-12,4,6,9,469
2023-10-13,2,2,9,229
2023-10-14,4,4,2,442
2023-10-16,2,5,7,257
2023-10-17,7,2,7,727
2023-10-18,5,5,3,553
2023-10-19,4,2,1,421
2023-10-20,2,4,5,245
2023-10-21,1,9,5,195
2023-10-23,8,6,7,867
2023-10-24,9,0,7,907
2023-10-25,0,7,6,076
2023-10-26,0,1,0,010
2023-10-27,0,4,6,046
2023-10-28,9,0,0,900
2023-10-30,2,2,6,226
2023-10-31,1,4,6,146
2023-11-01,1,2,8,128
2023-11-02,4,9,9,499
2023-11-03,5,6,6,566
2023-11-04,8,5,0,850
2023-11-06,1,3,7,137
2023-11-07,3,4,5,345
2023-11-08,6,2,7,627
2023-11-09,3,9,0,390
2023-11-10,5,3,8,538
2023-11-11,9,3,0,930
2023-11-13,7,3,9,739
2023-11-14,9,7,3,973
2023-11-15,6,2,5,625
2023-11-16,6,6,5,665
2023-11-17,4,0,4,404
2023-11-18,5,9,7,597
2023-11-20,6,0,3,603
2023-11-21,3,1,3,313
2023-11-22,6,0,3,603
2023-11-24,5,4,9,549
2023-11-25,3,2,0,320
2023-11-27,7,1,8,718
2023-11-28,6,1,3,613
2023-11-29,2,1,7,217
2023-11-30,1,4,3,143
2023-12-01,7,7,9,779
2023-12-02,8,4,7,847
2023-12-04,5,2,3,523
2023-12-05,6,4,3,643
2023-12-06,5,0,9,509
2023-12-07,9,5,8,958
2023-12-08,6,1,5,615
2023-12-09,8,8,2,882
2023-12-11,2,7,0,270
2023-12-12,9,9,5,995
2023-12-13,2,2,9,229
2023-12-14,1,3,8,138
2023-12-15,2,1,7,217
2023-12-16,7,1,5,715
2023-12-18,7,2,3,723
2023-12-19,3,5,2,352
2023-12-20,0,7,5,075
2023-12-21,8,2,0,820
2023-12-22,2,6,2,262
2023-12-23,7,5,1,751
2023-12-27,7,9,2,792
2023-12-28,8,2,9,829
2023-12-29,9,2,6,926
2023-12-30,2,3,0,230
2024-01-02,7,7,5,775
2024-01-03,9,7,6,976
2024-01-04,2,7,9,279
2024-01-05,9,1,2,912
2024-01-08,6,3,6,636
2024-01-09,4,7,9,479
2024-01-10,9,4,9,949
2024-01-11,2,0,0,200
2024-01-12,2,0,1,201
2024-01-13,6,3,2,632
2024-01-15,7,4,8,748
2024-01-16,6,5,3,653
2024-01-17,0,4,1,041
2024-01-18,0,4,8,048
2024-01-19,1,7,9,179
2024-01-20,7,3,3,733
2024-01-22,6,8,3,683
2024-01-23,6,0,0,600
2024-01-24,3,3,7,337
2024-01-25,0,2,0,020
2024-01-26,4,6,4,464
2024-01-27,5,8,4,584
2024-01-29,6,2,0,620
2024-01-30,1,0,0,100
2024-01-31,4,1,3,413
2024-02-01,0,0,5,005
2024-02-02,1,3,9,139
2024-02-03,7,8,7,787
2024-02-05,9,8,2,982
2024-02-06,0,8,5,085
2024-02-07,6,7,1,671
2024-02-08,9,7,8,978
2024-02-09,8,3,8,838
2024-02-10,8,3,6,836
2024-02-12,3,7,8,378
2024-02-13,4,9,0,490
2024-02-14,3,2,5,325
2024-02-15,7,8,6,786
2024-02-16,5,2,5,525
2024-02-17,6,3,2,632
2024-02-19,6,1,0,610
2024-02-20,6,8,8,688
2024-02-21,8,6,6,866
2024-02-22,8,3,6,836
2024-02-23,6,6,1,661
2024-02-24,0,8,3,083
2024-02-26,7,3,6,736
2024-02-27,3,5,9,359
2024-02-28,4,0,0,400
2024-02-29,0,8,6,086
2024-03-01,4,0,6,406
2024-03-02,4,5,5,455
2024-03-04,8,7,4,874
2024-03-05,0,6,1,061
2024-03-06,8,3,7,837
2024-03-07,1,6,3,163
2024-03-08,5,8,7,587
2024-03-09,4,0,6,406
2024-03-11,3,7,4,374
2024-03-12,4,2,2,422
2024-03-13,1,6,0,160
2024-03-14,3,7,2,372
2024-03-15,4,0,0,400
2024-03-16,5,7,0,570
2024-03-18,7,1,9,719
2024-03-19,1,5,5,155
2024-03-20,2,2,9,229
2024-03-21,9,3,9,939
2024-03-22,6,1,0,610
2024-03-23,6,0,2,602
2024-03-25,0,3,8,038
2024-03-26,3,7,8,378
2024-03-27,4,9,2,492
2024-03-28,2,3,5,235
2024-03-30,3,1,3,313
2024-04-01,1,3,2,132
2024-04-02,9,6,2,962
2024-04-03,3,6,5,365
2024-04-04,7,3,5,735
2024-04-05,1,2,8,128
2024-04-06,6,2,3,623
2024-04-08,7,9,7,797
2024-04-09,4,7,2,472
2024-04-10,7,5,8,758
2024-04-11,6,4,8,648
2024-04-12,0,4,9,049
2024-04-13,6,5,6,656
2024-04-15,3,0,5,305
2024-04-16,4,4,9,449
2024-04-17,7,7,6,776
2024-04-18,1,4,9,149
2024-04-19,2,1,4,214
2024-04-20,7,5,6,756
2024-04-22,6,8,8,688
2024-04-23,9,4,6,946
2024-04-24,9,2,8,928
2024-04-25,8,3,1,831
2024-04-26,8,5,7,857
2024-04-27,4,4,8,448
2024-04-29,9,0,8,908
2024-04-30,9,1,1,911
2024-05-01,5,5,3,553
2024-05-02,3,4,1,341
2024-05-03,9,6,8,968
2024-05-04,8,3,8,838
2024-05-06,9,2,0,920
2024-05-07,2,1,9,219
2024-05-08,9,0,8,908
2024-05-09,7,5,7,757
2024-05-10,2,3,8,238
2024-05-11,0,7,3,073
2024-05-13,0,2,4,024
2024-05-14,8,4,2,842
2024-05-15,6,2,6,626
2024-05-16,6,3,7,637
2024-05-17,5,7,6,576
2024-05-18,7,4,2,742
2024-05-20,0,4,9,049
2024-05-21,0,0,1,001
2024-05-22,8,2,8,828
2024-05-23,7,5,9,759
2024-05-24,2,4,1,241
2024-05-25,0,4,6,046
2024-05-27,6,7,7,677
2024-05-28,2,3,1,231
2024-05-29,6,3,6,636
2024-05-30,6,5,1,651
2024-05-31,6,8,9,689
2024-06-01,2,7,9,279
2024-06-03,6,1,9,619
2024-06-04,8,7,2,872
2024-06-05,7,3,0,730
2024-06-06,2,4,6,246
2024-06-07,9,7,0,970
2024-06-08,5,5,1,551
2024-06-10,1,1,8,118
2024-06-11,9,6,9,969
2024-06-12,8,6,0,860
2024-06-13,1,0,5,105
2024-06-14,1,1,6,116
2024-06-15,5,3,9,539
2024-06-17,1,6,3,163
2024-06-18,8,0,1,801
2024-06-19,8,9,2,892
2024-06-20,7,2,0,720
2024-06-21,4,5,2,452
2024-06-22,0,8,1,081
2024-06-24,2,0,4,204
2024-06-25,2,1,5,215
2024-06-26,1,1,6,116
2024-06-27,9,6,5,965
2024-06-28,7,1,4,714
2024-06-29,7,9,4,794
2024-07-01,6,0,0,600
2024-07-02,7,8,1,781
2024-07-03,7,7,6,776
2024-07-05,1,7,5,175
2024-07-06,5,5,2,552
2024-07-08,5,6,7,567
2024-07-09,0,0,5,005
2024-07-10,5,9,5,595
2024-07-11,3,9,0,390
2024-07-12,5,4,5,545
2024-07-13,8,7,8,878
2024-07-15,2,7,0,270
2024-07-16,7,4,3,743
2024-07-17,4,5,7,457
2024-07-18,0,4,7,047
2024-07-19,9,3,2,932
2024-07-20,0,2,4,024
2024-07-22,7,5,1,751
2024-07-23,0,7,8,078
2024-07-24,4,0,1,401
2024-07-25,1,4,5,145
2024-07-26,3,5,1,351
2024-07-27,7,4,7,747
2024-07-29,2,3,1,231
2024-07-30,9,4,8,948
2024-07-31,0,7,3,073
2024-08-01,9,2,3,923
2024-08-02,2,1,5,215
2024-08-03,8,1,7,817
2024-08-05,4,8,1,481
2024-08-06,9,0,8,908
2024-08-07,3,5,6,356
2024-08-08,7,2,1,721
2024-08-09,4,9,0,490
2024-08-10,4,1,5,415
2024-08-12,8,0,1,801
2024-08-13,7,8,9,789
2024-08-15,7,7,1,771
2024-08-16,5,3,5,535
2024-08-17,3,7,4,374
2024-08-19,0,9,3,093
2024-08-20,7,6,7,767
2024-08-21,6,0,7,607
2024-08-22,4,9,2,492
2024-08-23,7,7,7,777
2024-08-24,5,6,0,560
2024-08-26,8,6,7,867
2024-08-27,2,0,0,200
2024-08-28,1,0,4,104
2024-08-29,2,8,2,282
2024-08-30,2,2,1,221
2024-08-31,2,7,9,279
2024-09-02,5,8,4,584
2024-09-03,9,4,8,948
2024-09-04,4,4,5,445
2024-09-05,1,2,8,128
2024-09-06,3,1,8,318
2024-09-07,5,3,5,535
2024-09-09,9,7,7,977
2024-09-10,2,4,4,244
2024-09-11,1,9,2,192
2024-09-12,4,4,8,448
2024-09-13,7,3,8,738
2024-09-14,0,2,5,025
2024-09-16,5,4,3,543
2024-09-17,3,1,8,318
2024-09-18,6,0,5,605
2024-09-19,8,3,3,833
2024-09-20,7,1,9,719
2024-09-21,8,9,0,890
2024-09-23,4,5,2,452
2024-09-24,6,2,6,626
2024-09-25,0,4,2,042
2024-09-26,5,1,0,510
2024-09-27,5,9,2,592
2024-09-28,3,1,1,311
2024-09-30,6,5,5,655
2024-10-01,6,3,3,633
2024-10-02,3,6,8,368
2024-10-03,9,6,7,967
2024-10-04,3,6,8,368
2024-10-05,5,7,9,579
2024-10-07,3,6,5,365
2024-10-08,6,0,2,602
2024-10-09,6,5,7,657
2024-10-10,0,5,6,056
2024-10-11,3,7,1,371
2024-10-12,6,9,1,691
2024-10-14,3,7,0,370
2024-10-15,4,8,7,487
2024-10-16,3,2,0,320
2024-10-17,9,6,5,965
2024-10-18,8,2,0,820
2024-10-19,2,7,4,274
2024-10-21,2,1,7,217
2024-10-22,7,5,6,756
2024-10-23,4,7,2,472
2024-10-24,0,0,4,004
2024-10-25,3,2,2,322
2024-10-26,6,0,4,604
2024-10-28,8,4,4,844
2024-10-29,0,7,8,078
2024-10-30,3,3,9,339
2024-10-31,0,8,7,087
2024-11-01,7,3,4,734
2024-11-02,7,1,7,717
2024-11-04,8,7,1,871
2024-11-06,5,3,0,530
2024-11-07,6,0,5,605
2024-11-08,6,6,1,661
2024-11-09,2,4,9,249
2024-11-11,9,2,5,925
2024-11-12,7,4,1,741
2024-11-13,4,5,6,456
2024-11-14,5,2,0,520
2024-11-15,4,8,7,487
2024-11-16,4,8,8,488
2024-11-18,5,2,7,527
2024-11-19,2,5,9,259
2024-11-20,7,3,3,733
2024-11-21,5,8,9,589
2024-11-22,6,4,0,640
2024-11-23,3,6,9,369
2024-11-25,5,7,7,577
2024-11-26,2,4,6,246
2024-11-27,0,7,2,072
2024-11-29,6,2,3,623
2024-11-30,3,4,5,345
2024-12-02,2,7,9,279
2024-12-03,8,9,5,895
2024-12-04,9,0,8,908
2024-12-05,4,5,4,454
2024-12-06,7,6,4,764
2024-12-07,1,6,4,164
2024-12-09,0,8,0,080
2024-12-10,8,5,1,851
2024-12-11,5,1,6,516
2024-12-12,9,8,6,986
2024-12-13,3,9,5,395
2024-12-14,2,6,4,264
2024-12-16,7,2,2,722
2024-12-17,4,5,6,456
2024-12-18,9,8,9,989
2024-12-19,8,0,5,805
2024-12-20,8,0,6,806
2024-12-21,5,8,7,587
2024-12-23,2,5,8,258
2024-12-24,9,4,9,949
2024-12-26,7,0,0,700
2024-12-27,1,5,3,153
2024-12-28,3,9,2,392
2024-12-30,6,0,0,600
2024-12-31,1,1,4,114
2025-01-02,6,9,5,695
2025-01-03,4,4,5,445
2025-01-04,7,2,7,727
2025-01-07,5,5,7,557
2025-01-08,2,1,7,217
2025-01-09,8,6,0,860
2025-01-10,0,5,1,051
2025-01-11,4,1,2,412
2025-01-13,2,3,9,239
2025-01-14,1,6,9,169
2025-01-15,9,9,9,999
2025-01-16,3,1,3,313
2025-01-17,2,8,7,287
2025-01-18,0,8,9,089
2025-01-20,1,6,0,160
2025-01-21,2,3,4,234
2025-01-22,5,0,2,502
2025-01-23,5,5,7,557
2025-01-24,2,7,7,277
2025-01-25,3,7,5,375
2025-01-27,9,2,6,926
2025-01-28,4,0,4,404
2025-01-29,7,9,2,792
2025-01-30,4,6,1,461
2025-01-31,9,8,0,980
2025-02-01,7,2,7,727
2025-02-03,6,9,3,693
2025-02-04,4,3,1,431
2025-02-05,5,4,7,547
2025-02-06,5,1,1,511
2025-02-07,9,4,1,941
2025-02-08,8,0,9,809
2025-02-10,9,8,6,986
2025-02-11,6,1,8,618
2025-02-12,7,8,5,785
2025-02-13,2,0,8,208
2025-02-14,4,6,8,468
2025-02-15,1,4,0,140
2025-02-17,4,5,5,455
2025-02-18,8,8,2,882
2025-02-19,5,6,5,565
2025-02-20,8,8,5,885
2025-02-21,2,7,4,274
2025-02-22,3,4,6,346
2025-02-24,6,8,9,689
2025-02-25,6,3,0,630
2025-02-26,1,1,9,119
2025-02-27,6,5,2,652
2025-02-28,1,3,2,132
2025-03-01,7,0,3,703
2025-03-03,2,7,3,273
2025-03-04,6,5,3,653
2025-03-05,9,7,2,972
2025-03-06,6,9,5,695
2025-03-07,3,2,5,325
2025-03-08,7,4,1,741
2025-03-10,9,1,3,913
2025-03-11,9,1,0,910
2025-03-12,1,4,9,149
2025-03-13,0,2,8,028
2025-03-14,6,7,4,674
2025-03-15,0,3,7,037
2025-03-17,8,8,6,886
2025-03-18,9,9,7,997
2025-03-19,6,7,9,679
2025-03-20,0,1,7,017
2025-03-21,1,7,4,174
2025-03-22,7,4,6,746
2025-03-24,6,8,7,687
2025-03-25,7,7,7,777
2025-03-26,1,5,8,158
2025-03-27,8,4,2,842
2025-03-28,3,9,5,395
2025-03-29,5,7,2,572
2025-03-31,3,2,2,322
2025-04-01,9,4,4,944
2025-04-02,9,6,5,965
2025-04-03,1,3,0,130
2025-04-04,8,0,0,800
2025-04-05,5,9,3,593
2025-04-07,1,4,4,144
2025-04-08,2,1,8,218
2025-04-09,7,1,9,719
2025-04-10,9,8,9,989
2025-04-11,6,0,7,607
2025-04-12,7,4,7,747
2025-04-14,7,5,5,755
2025-04-15,4,5,3,453
2025-04-16,0,9,1,091
2025-04-17,5,9,0,590
2025-04-19,2,7,7,277
2025-04-21,3,7,6,376
2025-04-22,5,3,1,531
2025-04-23,6,8,9,689
2025-04-24,0,8,1,081
2025-04-25,5,5,9,559
2025-04-26,0,7,0,070
2025-04-28,3,8,2,382
2025-04-29,0,3,6,036
2025-04-30,0,4,8,048
2025-05-01,8,4,4,844
2025-05-02,6,7,1,671
2025-05-03,2,5,7,257
2025-05-05,5,1,7,517
2025-05-06,6,1,2,612
2025-05-07,4,3,7,437
2025-05-08,7,5,2,752
2025-05-09,1,2,2,122
2025-05-10,9,6,7,967
2025-05-12,4,9,4,494
2025-05-13,5,8,4,584
2025-05-14,6,8,1,681
2025-05-15,7,9,2,792
2025-05-16,5,4,0,540
2025-05-17,2,0,7,207
2025-05-19,0,9,9,099
2025-05-20,6,8,4,684
2025-05-21,2,4,8,248
2025-05-22,2,2,4,224
2025-05-23,0,1,3,013
2025-05-24,2,3,0,230
2025-05-26,2,0,2,202
2025-05-27,8,7,7,877
2025-05-28,7,9,9,799
2025-05-29,0,8,3,083
2025-05-30,4,7,6,476
2025-05-31,0,9,7,097
2025-06-02,7,1,1,711
2025-06-03,4,6,4,464
2025-06-04,6,5,5,655
2025-06-05,7,7,3,773
2025-06-06,7,9,5,795
2025-06-07,4,3,9,439
2025-06-09,7,0,2,702
2025-06-10,6,0,3,603
2025-06-11,9,7,5,975
2025-06-12,7,2,5,725
2025-06-13,2,4,3,243
2025-06-14,9,5,5,955
2025-06-16,6,1,8,618
2025-06-17,7,0,8,708
2025-06-18,4,6,9,469
2025-06-19,6,8,1,681
2025-06-20,7,9,5,795
2025-06-21,9,1,0,910
2025-06-23,8,5,8,858
2025-06-24,1,3,8,138
2025-06-25,0,8,5,085
2025-06-26,0,8,7,087
2025-06-27,0,5,4,054
2025-06-28,7,5,3,753
2025-06-30,6,7,5,675
2025-07-01,2,8,1,281
2025-07-02,6,4,7,647
2025-07-03,7,3,6,736
2025-07-05,9,1,3,913
2025-07-07,9,8,4,984
2025-07-08,5,9,9,599
2025-07-09,2,5,6,256
2025-07-10,4,2,2,422
2025-07-11,5,9,0,590
2025-07-12,9,1,6,916
2025-07-14,4,4,9,449
2025-07-15,4,7,0,470
2025-07-16,4,0,4,404
2025-07-17,1,4,9,149
2025-07-18,5,4,5,545
2025-07-19,3,6,2,362
2025-07-21,4,4,1,441
2025-07-22,8,4,8,848
2025-07-23,5,9,4,594
2025-07-24,2,3,6,236
2025-07-25,9,6,1,961
2025-07-26,0,6,0,060
2025-07-28,0,1,3,013
2025-07-29,8,7,2,872
2025-07-30,1,2,2,122
2025-07-31,9,7,0,970
2025-08-01,4,7,5,475
2025-08-02,5,1,5,515
2025-08-04,7,1,1,711
2025-08-05,5,4,8,548
2025-08-06,4,0,3,403
2025-08-07,0,7,5,075
2025-08-08,8,7,1,871
2025-08-09,5,6,5,565
2025-08-11,5,9,7,597
2025-08-12,7,1,0,710
2025-08-13,0,5,2,052
2025-08-14,9,8,1,981
2025-08-15,0,8,4,084
2025-08-16,8,5,6,856
2025-08-18,5,4,1,541
2025-08-19,3,5,9,359
2025-08-20,4,9,7,497
2025-08-21,2,8,5,285
2025-08-22,9,8,9,989
2025-08-23,1,4,5,145
2025-08-25,0,8,7,087
2025-08-26,9,0,2,902
2025-08-27,0,4,0,040
2025-08-28,5,3,8,538
2025-08-29,9,1,3,913
2025-08-30,9,4,3,943
2025-09-01,3,4,1,341
2025-09-02,9,9,0,990
2025-09-03,1,3,9,139
2025-09-04,3,2,7,327
2025-09-05,3,8,4,384
2025-09-06,4,6,8,468
2025-09-08,8,7,3,873
2025-09-09,3,5,4,354
2025-09-10,7,0,2,702
2025-09-11,2,3,2,232
2025-09-12,4,1,1,411
2025-09-13,9,2,1,921
2025-09-15,7,2,2,722
2025-09-16,5,8,4,584
2025-09-17,6,3,3,633
2025-09-18,6,1,0,610
2025-09-19,5,9,0,590
2025-09-20,3,8,6,386
2025-09-22,5,1,4,514
2025-09-23,7,5,0,750
2025-09-24,7,1,2,712
2025-09-25,4,9,8,498
2025-09-26,9,0,7,907
2025-09-27,2,2,6,226
2025-09-29,3,5,4,354
2025-09-30,9,1,8,918
2025-10-01,2,0,4,204
2025-10-02,9,5,0,950
2025-10-03,2,0,4,204
2025-10-04,4,5,2,452
2025-10-06,5,3,1,531
2025-10-07,1,6,5,165
2025-10-08,8,2,0,820
2025-10-09,9,7,7,977
2025-10-10,7,1,8,718
2025-10-11,1,2,4,124
2025-10-13,5,1,0,510
2025-10-14,6,2,6,626
2025-10-15,0,2,6,026
2025-10-16,7,6,6,766
2025-10-17,5,9,9,599
2025-10-18,1,3,8,138
2025-10-20,6,1,0,610
2025-10-21,2,9,0,290
2025-10-22,2,5,4,254
2025-10-23,6,6,1,661
2025-10-24,9,8,1,981
2025-10-25,1,1,6,116
2025-10-27,6,3,4,634
2025-10-28,3,6,8,368
2025-10-29,5,8,4,584
2025-10-30,8,8,5,885
2025-10-31,3,3,6,336
2025-11-01,4,5,5,455
2025-11-03,4,0,4,404
2025-11-04,4,4,3,443
2025-11-05,4,0,5,405
2025-11-06,8,6,9,869
2025-11-07,8,6,7,867
2025-11-08,8,3,8,838
2025-11-10,4,0,3,403
2025-11-11,6,5,9,659
2025-11-12,4,3,5,435
2025-11-13,7,9,9,799
2025-11-14,5,0,6,506
2025-11-15,1,2,0,120
2025-11-17,1,2,3,123
2025-11-18,9,1,8,918
2025-11-19,7,6,8,768
2025-11-20,1,6,7,167
2025-11-21,8,9,4,894
2025-11-22,6,9,1,691
2025-11-24,9,7,7,977
2025-11-25,2,5,6,256
2025-11-26,8,5,1,851
2025-11-28,3,6,7,367
2025-11-29,3,6,6,366
2025-12-01,4,1,3,413
2025-12-02,3,9,3,393
2025-12-03,4,4,9,449
2025-12-04,3,9,2,392
2025-12-05,5,8,8,588
2025-12-06,5,6,9,569
2025-12-08,0,5,5,055
2025-12-09,6,7,1,671
2025-12-10,6,2,8,628
2025-12-11,0,6,9,069
2025-12-12,1,7,2,172
2025-12-13,9,6,7,967
2025-12-15,8,5,5,855
2025-12-16,8,7,6,876
2025-12-17,6,3,4,634
2025-12-18,0,6,6,066
2025-12-19,1,2,0,120
2025-12-20,1,6,2,162
2025-12-22,9,0,2,902
2025-12-23,6,2,7,627
2025-12-24,0,8,7,087
2025-12-26,9,6,2,962
2025-12-27,7,9,3,793
2025-12-29,8,7,5,875
2025-12-30,0,9,8,098
2025-12-31,4,5,1,451
2026-01-02,1,4,4,144
2026-01-03,5,2,9,529
2026-01-05,7,3,2,732
2026-01-07,4,2,6,426
2026-01-08,0,7,3,073
2026-01-09,1,2,6,126
2026-01-10,9,2,0,920
2026-01-12,5,5,4,554
2026-01-13,8,7,9,879
2026-01-14,5,3,6,536
2026-01-15,3,5,7,357
2026-01-16,7,2,9,729
2026-01-17,7,9,9,799
2026-01-19,0,9,2,092
2026-01-20,7,4,2,742
2026-01-21,3,2,8,328
2026-01-22,5,8,3,583
2026-01-23,2,4,7,247
2026-01-24,5,7,0,570
2026-01-26,2,6,5,265
2026-01-27,4,9,2,492
2026-01-28,4,3,4,434
2026-01-29,5,2,7,527
2026-01-30,6,8,0,680
2026-01-31,5,7,6,576
2026-02-02,3,6,4,364
2026-02-03,5,0,3,503
2026-02-04,2,2,0,220
2026-02-05,1,2,5,125
2026-02-06,6,4,2,642
2026-02-07,6,8,4,684
2026-02-09,7,7,4,774
2026-02-10,1,6,0,160
2026-02-11,1,0,8,108
2026-02-12,8,7,3,873
2026-02-13,4,7,9,479
2026-02-14,4,5,6,456
2026-02-16,5,9,2,592
2026-02-17,5,1,5,515
2026-02-18,9,9,2,992
2026-02-19,5,2,2,522
2026-02-20,5,2,5,525
2026-02-21,2,8,6,286
2026-02-23,5,7,0,570
2026-02-25,4,8,2,482
2026-02-26,6,5,8,658
2026-02-27,2,5,9,259
2026-02-28,5,2,0,520
2026-03-02,4,6,4,464
2026-03-03,2,5,6,256
2026-03-04,2,3,8,238
2026-03-05,6,6,3,663
2026-03-06,0,6,6,066
2026-03-07,3,0,2,302
2026-03-09,8,8,7,887
2026-03-10,3,2,2,322
2026-03-11,9,0,7,907
2026-03-12,9,5,8,958
2026-03-13,8,6,9,869
2026-03-14,3,0,1,301
2026-03-16,5,6,2,562
2026-03-17,3,0,5,305
2026-03-18,4,6,4,464
2026-03-19,1,7,9,179
2026-03-20,2,5,1,251
2026-03-21,9,9,2,992
2026-03-23,7,3,3,733
2026-03-24,6,7,0,670
2026-03-25,8,9,2,892
2026-03-26,1,4,0,140
2026-03-27,0,3,8,038
2026-03-28,7,3,0,730
2026-03-30,2,5,1,251
2026-03-31,3,2,1,321
2026-04-01,1,1,7,117
2026-04-02,8,0,7,807
2026-04-04,4,9,0,490
2026-04-06,9,4,4,944
2026-04-07,6,9,3,693
2026-04-08,7,5,4,754
2026-04-09,6,6,2,662
2026-04-10,6,0,5,605
2026-04-11,5,0,2,502
2026-04-13,5,3,0,530
2026-04-14,2,0,8,208
2026-04-15,6,0,4,604
2026-04-16,1,7,8,178
2026-04-17,1,5,3,153
2026-04-18,1,0,6,106
2026-04-20,5,4,0,540
2026-04-21,7,0,0,700
2026-04-22,0,1,4,014
2026-04-23,4,7,5,475
2026-04-24,4,7,6,476
2026-04-25,3,7,4,374
2026-04-27,6,9,3,693
2026-04-28,0,7,5,075
2026-04-29,9,9,8,998
2026-04-30,4,0,0,400
2026-05-01,5,9,8,598
2026-05-02,0,8,2,082
2026-05-04,8,9,1,891
2026-05-05,5,7,5,575
2026-05-06,5,8,6,586
2026-05-07,4,9,9,499
2026-05-08,3,0,7,307
2026-05-09,3,5,8,358
2026-05-11,8,3,8,838
2026-05-12,2,7,3,273
2026-05-13,8,1,5,815
2026-05-14,9,6,0,960
2026-05-15,3,5,4,354
2026-05-16,9,5,5,955
2026-05-18,2,3,6,236
2026-05-19,9,4,0,940
2026-05-20,2,8,4,284
2026-05-21,9,4,7,947
2026-05-22,9,7,5,975
2026-05-23,5,7,6,576
2026-05-25,7,6,5,765
2026-05-26,5,8,1,581
2026-05-27,0,0,3,003
2026-05-28,1,1,3,113
2026-05-29,5,9,7,597
2026-05-30,5,7,1,571
2026-06-01,9,8,6,986
2026-06-02,2,7,2,272
2026-06-03,6,1,7,617
2026-06-04,4,6,7,467
2026-06-05,0,6,2,062
2026-06-06,6,1,3,613
2026-06-08,4,7,6,476
2026-06-09,7,2,1,721
2026-06-10,8,9,0,890
2026-06-11,8,7,1,871
2026-06-12,6,0,8,608
2026-06-13,4,4,4,444
2026-06-15,5,2,9,529
2026-06-16,6,2,7,627
2026-06-17,7,8,0,780
2026-06-18,0,0,7,007
2026-06-19,3,9,5,395
2026-06-20,1,6,6,166
2026-06-22,9,3,6,936
2026-06-23,3,6,0,360
2026-06-24,8,6,8,868
2026-06-25,4,5,6,456
2026-06-26,2,4,0,240
2026-06-27,5,1,5,515
2026-06-29,4,9,1,491
2026-06-30,1,2,6,126
2026-07-01,8,1,6,816
2026-07-02,6,8,8,688
2026-07-03,2,9,4,294
2026-07-06,2,5,6,256
2026-07-07,6,6,5,665
2026-07-08,2,8,6,286
2026-07-09,3,8,5,385
2026-07-10,7,1,0,710
2026-07-11,4,6,0,460
2026-07-13,4,9,9,499
2026-07-14,6,2,4,624
2026-07-15,7,6,5,765
2026-07-16,6,7,9,679
2026-07-17,5,8,8,588
2026-07-18,8,0,1,801
2026-07-20,2,2,2,222
2026-07-21,6,7,8,678
2026-07-22,3,9,9,399
2026-07-23,0,1,5,015
2026-07-24,0,2,1,021
2026-07-25,6,6,1,661
2026-07-27,5,0,3,503
2026-07-28,2,2,6,226
2026-07-29,9,1,4,914
2026-07-30,6,2,5,625
2026-07-31,4,1,5,415
2026-08-01,1,8,7,187
2026-08-03,6,0,0,600
2026-08-04,7,2,8,728
2026-08-05,4,7,6,476
2026-08-06,5,7,3,573
2026-08-07,5,2,7,527
2026-08-08,5,0,8,508
