Date,P1,P2,P3,P4,P5,Red
2018-11-28,15,18,19,26,34,2
2018-12-12,1,5,22,25,33,3
2019-01-09,6,11,14,19,23,5
2019-01-11,2,5,7,11,26,3
2019-01-18,2,24,28,30,34,8
2019-01-23,8,9,19,33,35,2
2019-01-30,16,20,22,28,31,10
2019-02-06,6,14,22,33,35,1
2019-02-10,1,2,3,4,5,6
2019-02-15,1,9,21,29,31,5
2019-03-01,5,15,18,23,31,7
2019-03-06,1,9,19,28,32,10
2019-03-13,9,20,27,28,34,9
2019-03-15,4,14,17,31,33,2
2019-03-27,7,19,25,27,35,3
2019-04-10,8,20,23,27,34,7
2019-04-12,19,25,29,32,33,8
2019-05-03,12,16,26,28,29,8
2019-05-08,6,15,16,20,24,9
2019-05-15,2,4,11,27,31,3
2019-05-17,2,3,18,20,24,5
2019-05-22,1,9,11,15,27,4
2019-05-24,9,17,25,33,35,7
2019-05-29,3,6,10,19,28,3
2019-06-05,11,14,25,31,33,5
2019-06-26,4,5,7,25,26,3
2019-08-16,1,3,22,24,25,1
2019-08-21,1,16,18,25,29,9
2019-08-23,6,15,17,20,28,8
2019-09-11,5,8,11,16,29,7
2019-09-13,15,17,24,31,33,3
2019-10-02,7,28,21,15,34,5
2019-10-18,6,17,31,33,35,10
2019-11-01,3,6,14,27,30,6
2019-11-06,2,8,20,23,35,10
2019-11-27,1,3,13,26,29,3
2019-12-13,6,13,14,20,24,3
2019-12-20,17,18,19,23,29,9
2019-12-27,9,17,18,32,33,7
2020-01-08,1,3,12,21,34,8
2020-01-29,4,7,26,34,35,10
2020-02-05,2,5,6,26,35,7
2020-02-19,9,10,19,27,33,10
2020-02-26,18,26,31,33,34,2
2020-02-28,17,20,27,29,33,5
2020-03-04,9,11,13,14,33,5
2020-03-06,4,19,22,26,27,2
2020-03-11,4,18,20,32,34,2
2020-03-18,1,5,14,27,35,1
2020-03-25,16,19,23,25,26,4
2020-03-27,10,15,21,30,33,9
2020-04-24,4,19,22,33,34,10
2020-05-20,10,16,17,24,26,3
2020-06-03,2,17,18,23,30,7
2020-06-12,2,4,16,32,33,4
2020-06-17,4,14,18,29,34,3
2020-07-01,15,27,28,31,34,8
2020-07-22,2,9,13,19,25,1
2020-07-31,5,7,15,24,27,7
2020-08-12,2,11,31,32,34,5
2020-08-14,14,23,24,25,29,1
2020-08-21,2,3,15,25,35,5
2020-08-28,2,5,27,32,35,10
2020-09-09,15,28,29,32,34,9
2020-09-11,1,7,9,11,33,6
2020-09-25,9,10,14,23,30,5
2020-09-30,3,9,10,17,34,5
2020-10-07,4,6,11,13,30,2
2020-10-21,8,15,19,26,28,10
2020-10-23,2,7,11,24,25,3
2020-10-28,7,12,27,31,34,9
2020-11-04,9,21,23,24,25,10
2020-11-11,2,8,9,11,31,10
2020-11-25,14,21,28,29,35,1
2020-11-27,4,5,9,11,31,4
2020-12-04,9,18,23,26,35,10
2021-01-02,1,10,13,28,30,8
2021-01-13,3,19,23,32,33,6
2021-01-15,5,8,13,24,25,1
2021-01-22,1,2,5,22,33,2
2021-01-29,1,5,9,21,33,9
2021-02-03,2,11,12,16,20,1
2021-02-24,2,3,11,28,32,2
2021-03-05,1,3,14,28,35,1
2021-03-10,1,16,28,30,31,8
2021-03-17,7,13,21,28,30,4
2021-03-31,5,14,27,30,31,3
2021-04-14,10,13,20,23,27,2
2021-04-16,3,9,29,31,33,4
2021-04-21,1,19,20,25,34,2
2021-04-23,4,7,23,30,33,8
2021-04-30,2,5,8,21,25,2
2021-05-12,7,12,22,26,35,5
2021-05-14,2,10,11,14,16,2
2021-05-17,14,15,17,24,29,1
2021-05-19,4,8,9,29,35,4
2021-05-21,6,7,20,22,23,8
2021-05-24,15,20,22,29,31,8
2021-05-26,13,16,20,22,32,2
2021-05-28,3,4,5,18,35,9
2021-05-31,9,18,25,28,30,9
2021-06-02,2,3,12,22,32,4
2021-06-04,5,8,12,22,28,3
2021-06-07,5,6,10,11,33,6
2021-06-09,7,23,25,29,31,2
2021-06-11,5,13,15,21,24,6
2021-06-14,4,5,18,30,34,3
2021-06-16,2,10,18,25,26,5
2021-06-18,1,7,20,29,35,4
2021-06-21,12,13,17,20,21,7
2021-06-23,9,10,12,22,26,10
2021-06-25,15,16,29,31,33,5
2021-06-28,3,7,8,9,19,7
2021-06-30,12,15,21,24,33,1
2021-07-02,7,11,12,29,35,2
2021-07-07,22,27,33,34,35,6
2021-07-09,8,15,19,20,34,3
2021-07-12,1,3,5,20,30,5
2021-07-14,5,7,10,14,18,7
2021-07-16,4,9,12,13,20,7
2021-07-19,6,19,21,24,31,4
2021-07-21,6,11,21,22,33,8
2021-07-23,14,18,25,26,34,1
2021-07-26,2,6,13,24,25,3
2021-07-28,2,3,5,26,34,6
2021-07-30,3,12,25,27,29,2
2021-08-02,18,21,22,24,30,1
2021-08-04,5,10,20,31,34,3
2021-08-06,12,13,16,19,20,5
2021-08-09,7,8,17,18,24,3
2021-08-11,11,14,23,25,27,2
2021-08-13,7,13,16,21,35,6
2021-08-16,1,4,10,16,26,6
2021-08-18,9,10,11,23,35,8
2021-08-20,3,6,16,32,33,4
2021-08-23,1,2,16,20,35,4
2021-08-25,8,9,25,28,31,3
2021-08-27,15,20,21,31,33,3
2021-08-30,6,15,23,32,35,1
2021-09-01,6,22,24,33,34,3
2021-09-03,4,6,8,12,27,8
2021-09-06,4,11,15,27,29,2
2021-09-08,9,17,23,24,28,3
2021-09-10,5,11,12,14,18,1
2021-09-13,3,8,16,19,24,4
2021-09-15,2,6,15,30,35,4
2021-09-17,2,12,22,30,32,9
2021-09-20,11,15,23,24,26,3
2021-09-22,3,6,19,23,32,8
2021-09-24,15,24,31,33,34,10
2021-09-27,4,9,12,17,35,10
2021-09-29,4,12,17,28,29,9
2021-10-01,4,5,22,25,28,7
2021-10-04,4,12,14,28,32,3
2021-10-06,10,18,20,25,30,9
2021-10-08,6,8,18,26,32,9
2021-10-11,3,8,10,24,34,5
2021-10-13,3,11,16,18,22,6
2021-10-15,2,8,12,27,32,9
2021-10-18,9,23,32,34,35,3
2021-10-20,13,21,25,28,29,3
2021-10-22,2,4,23,31,32,6
2021-10-25,6,10,15,21,28,6
2021-10-27,4,13,20,21,32,3
2021-10-29,3,8,13,26,30,9
2021-11-01,2,5,9,12,16,9
2021-11-03,8,11,19,28,29,5
2021-11-05,3,12,20,23,25,1
2021-11-08,6,10,11,27,34,7
2021-11-10,1,17,19,21,32,5
2021-11-12,8,15,22,24,34,9
2021-11-15,7,8,13,27,30,4
2021-11-17,10,23,24,30,34,8
2021-11-19,7,8,9,24,35,9
2021-11-22,3,9,11,16,24,6
2021-11-24,3,4,14,20,31,6
2021-11-26,1,2,21,22,31,10
2021-11-29,1,11,24,27,35,6
2021-12-01,3,11,12,30,34,10
2021-12-03,12,20,23,31,32,10
2021-12-06,8,15,16,25,34,2
2021-12-08,1,5,6,10,34,6
2021-12-10,5,26,30,32,34,6
2021-12-13,4,23,24,29,35,8
2021-12-15,6,17,21,30,33,7
2021-12-17,8,10,11,13,22,8
2021-12-20,5,7,19,29,32,5
2021-12-22,4,14,32,33,34,1
2021-12-24,5,6,10,23,32,8
2021-12-27,4,5,7,22,32,1
2021-12-29,2,3,11,15,28,6
2021-12-31,1,16,20,24,28,5
2022-01-03,9,12,20,22,33,1
2022-01-05,13,20,22,25,31,7
2022-01-07,15,20,23,25,34,1
2022-01-10,15,17,22,27,32,2
2022-01-12,9,14,16,23,30,3
2022-01-14,13,22,27,29,33,9
2022-01-17,7,13,17,18,31,10
2022-01-19,3,5,7,27,28,5
2022-01-21,5,7,17,30,34,1
2022-01-24,3,19,26,33,34,5
2022-01-26,11,22,26,29,31,10
2022-01-28,3,24,25,30,32,4
2022-01-31,4,14,24,29,34,6
2022-02-02,2,12,20,26,29,2
2022-02-04,9,13,17,29,31,2
2022-02-07,3,5,15,24,26,3
2022-02-09,18,22,26,27,35,6
2022-02-11,2,8,13,27,35,3
2022-02-14,3,14,19,23,26,3
2022-02-16,11,14,30,31,34,2
2022-02-18,3,6,11,27,34,7
2022-02-21,5,16,18,25,31,9
2022-02-23,13,29,31,33,34,3
2022-02-25,3,12,18,24,32,1
2022-02-28,7,8,14,24,34,5
2022-03-02,20,25,31,32,33,4
2022-03-04,16,18,19,33,35,8
2022-03-07,10,16,24,34,35,7
2022-03-09,3,8,17,21,30,10
2022-03-11,12,18,21,33,35,2
2022-03-14,6,13,20,22,29,5
2022-03-16,1,5,22,26,30,2
2022-03-18,1,14,19,29,30,4
2022-03-21,3,21,28,29,32,8
2022-03-23,1,4,12,29,34,5
2022-03-25,5,7,12,14,34,8
2022-03-28,3,9,23,26,29,3
2022-03-30,19,22,23,30,32,7
2022-04-01,7,15,20,34,35,10
2022-04-04,5,7,11,17,25,10
2022-04-06,10,16,23,28,35,2
2022-04-08,3,11,20,21,26,5
2022-04-11,5,7,23,27,28,8
2022-04-13,4,11,27,30,31,10
2022-04-18,10,14,20,23,28,5
2022-04-20,1,10,14,25,35,6
2022-04-22,4,6,20,29,35,5
2022-04-25,7,13,21,29,34,3
2022-04-27,10,11,27,28,32,7
2022-04-29,6,8,10,17,21,8
2022-05-02,3,7,8,29,31,4
2022-05-04,5,7,20,24,25,10
2022-05-06,1,4,17,24,33,4
2022-05-09,12,15,25,27,35,5
2022-05-11,3,5,16,19,21,2
2022-05-13,2,12,25,30,33,4
2022-05-16,5,10,14,23,27,9
2022-05-18,4,18,19,20,25,9
2022-05-20,15,16,18,21,35,4
2022-05-23,1,8,15,16,31,2
2022-05-25,19,23,29,33,34,3
2022-05-27,3,10,17,20,21,10
2022-05-30,5,8,9,23,29,9
2022-06-01,1,2,4,13,23,6
2022-06-03,3,4,15,18,28,1
2022-06-06,4,22,25,27,33,9
2022-06-08,10,12,19,30,34,6
2022-06-10,2,8,10,16,24,6
2022-06-13,14,17,19,30,33,10
2022-06-15,7,10,17,32,35,3
2022-06-17,15,18,21,23,30,3
2022-06-20,9,12,17,19,28,2
2022-06-22,12,23,24,30,32,4
2022-06-24,6,16,27,31,34,4
2022-06-27,4,5,13,31,33,3
2022-06-29,5,8,15,17,25,1
2022-07-01,1,5,21,23,28,5
2022-07-06,2,14,20,30,33,9
2022-07-08,3,12,24,26,34,10
2022-07-11,21,23,27,29,31,2
2022-07-13,7,10,13,19,32,10
2022-07-15,2,8,9,16,20,7
2022-07-18,8,17,24,30,33,8
2022-07-20,1,4,20,22,26,6
2022-07-22,11,19,23,26,28,6
2022-07-25,7,17,19,22,33,4
2022-07-27,2,12,14,20,23,9
2022-07-29,12,15,24,26,29,7
2022-08-01,1,12,18,19,28,10
2022-08-03,2,3,8,20,25,10
2022-08-05,18,21,23,27,33,7
2022-08-08,2,5,18,19,28,10
2022-08-10,18,19,22,26,33,9
2022-08-12,5,8,9,23,24,9
2022-08-15,3,4,23,29,32,7
2022-08-17,3,4,5,13,28,7
2022-08-19,4,8,14,17,30,8
2022-08-22,6,18,22,30,32,1
2022-08-24,2,18,19,28,30,3
2022-08-26,4,16,17,26,32,8
2022-08-29,8,9,13,16,28,6
2022-08-31,13,22,25,32,33,3
2022-09-02,10,18,20,21,30,8
2022-09-05,10,14,16,17,25,6
2022-09-07,4,22,25,30,31,7
2022-09-09,3,7,10,28,32,9
2022-09-12,15,16,25,29,34,4
2022-09-14,9,12,15,20,30,6
2022-09-16,4,9,12,17,18,3
2022-09-19,20,2,29,17,22,8
2022-09-21,5,17,19,30,33,3
2022-09-23,3,9,13,19,20,7
2022-09-26,7,8,11,18,30,9
2022-09-28,5,12,21,27,31,1
2022-09-30,3,11,17,19,27,10
2022-10-03,7,11,15,18,33,3
2022-10-05,3,19,24,30,34,1
2022-10-07,15,17,28,32,33,10
2022-10-10,9,15,18,19,24,10
2022-10-12,10,13,21,26,27,7
2022-10-14,12,15,20,25,28,9
2022-10-17,8,16,17,22,25,9
2022-10-19,4,17,22,25,27,2
2022-10-21,8,9,10,14,32,8
2022-10-24,1,12,15,20,24,7
2022-10-26,16,21,26,28,35,6
2022-10-28,1,13,15,18,27,1
2022-10-31,9,15,16,18,31,1
2022-11-02,13,16,20,24,31,4
2022-11-04,13,16,26,31,35,4
2022-11-07,7,10,17,25,33,10
2022-11-09,9,10,11,12,33,8
2022-11-11,5,8,12,26,29,10
2022-11-14,2,14,17,34,35,9
2022-11-16,15,19,21,27,32,9
2022-11-18,7,9,14,21,24,4
2022-11-21,5,8,12,16,26,1
2022-11-23,2,9,12,13,15,3
2022-11-25,6,8,12,16,18,3
2022-11-28,9,10,17,22,27,5
2022-11-30,4,15,17,18,27,7
2022-12-02,1,4,6,17,19,3
2022-12-05,5,11,13,19,21,9
2022-12-07,14,16,18,29,34,2
2022-12-09,2,4,27,29,33,10
2022-12-12,1,3,5,7,14,8
2022-12-14,8,11,16,27,28,7
2022-12-16,5,15,23,26,28,10
2022-12-19,4,7,24,27,29,5
2022-12-21,2,9,14,18,30,9
2022-12-23,14,17,32,34,35,10
2022-12-28,9,17,23,26,32,4
2022-12-30,13,27,28,29,31,9
2023-01-04,3,11,14,24,30,2
2023-01-09,1,5,7,25,31,1
2023-01-11,9,16,31,34,35,3
2023-01-13,9,14,17,22,34,4
2023-01-16,1,9,19,23,27,7
2023-01-18,1,10,12,15,33,8
2023-01-20,7,10,15,24,30,5
2023-01-23,7,12,13,17,25,2
2023-01-25,3,24,25,29,35,4
2023-01-27,2,6,15,31,32,9
2023-01-30,4,12,27,32,33,4
2023-02-01,4,14,29,33,34,10
2023-02-03,9,25,27,31,33,4
2023-02-06,8,11,17,21,28,10
2023-02-08,2,6,17,29,33,4
2023-02-10,16,17,20,22,30,7
2023-02-13,1,12,18,22,30,1
2023-02-15,10,12,14,25,33,4
2023-02-17,17,20,21,26,33,10
2023-02-20,5,10,20,29,35,10
2023-02-22,2,5,11,21,31,10
2023-02-24,6,12,21,25,28,9
2023-02-27,6,9,17,22,25,7
2023-03-01,19,24,25,30,33,8
2023-03-03,2,7,12,17,34,4
2023-03-06,3,7,17,19,33,10
2023-03-08,4,5,7,8,22,7
2023-03-10,2,5,15,18,31,10
2023-03-13,14,16,20,32,35,9
2023-03-15,13,15,17,18,28,1
2023-03-17,4,5,13,24,26,4
2023-03-20,7,11,17,18,21,10
2023-03-22,3,13,23,25,32,10
2023-03-24,10,16,22,24,29,7
2023-03-27,7,11,18,27,32,3
2023-03-29,4,12,14,15,24,5
2023-03-31,17,18,20,33,35,1
2023-04-03,17,18,25,29,31,6
2023-04-05,3,9,19,21,33,6
2023-04-10,8,11,16,30,35,2
2023-04-12,2,5,8,15,20,10
2023-04-14,9,18,22,33,35,9
2023-04-17,2,12,15,16,31,2
2023-04-19,7,18,21,24,25,5
2023-04-21,12,22,24,27,28,10
2023-04-24,2,15,17,23,33,9
2023-04-26,14,17,23,33,34,4
2023-04-28,3,5,6,7,35,1
2023-05-01,4,11,19,25,26,1
2023-05-03,6,11,20,25,34,9
2023-05-05,6,10,18,23,26,8
2023-05-08,2,4,11,12,31,6
2023-05-10,12,13,22,24,34,1
2023-05-12,6,9,10,12,19,3
2023-05-15,6,9,12,20,31,6
2023-05-17,15,20,30,31,34,8
2023-05-19,15,16,20,29,32,7
2023-05-22,6,7,8,9,21,2
2023-05-24,7,17,19,28,35,10
2023-05-26,10,19,25,26,35,7
2023-05-29,1,3,5,31,35,9
2023-05-31,3,13,29,30,33,10
2023-06-02,4,6,16,22,34,9
2023-06-05,7,21,23,28,34,5
2023-06-07,14,15,19,21,32,7
2023-06-09,11,12,19,21,23,4
2023-06-12,2,6,7,17,32,8
2023-06-14,1,12,24,30,31,1
2023-06-16,2,12,15,19,22,8
2023-06-19,3,4,7,10,20,7
2023-06-21,7,10,14,19,34,9
2023-06-23,14,19,20,27,34,2
2023-06-26,1,16,23,24,27,10
2023-06-28,5,17,18,19,23,1
2023-06-30,5,7,10,21,22,5
2023-07-03,9,18,21,28,29,3
2023-07-05,8,11,13,17,20,7
2023-07-07,4,10,24,26,35,1
2023-07-10,6,26,27,30,35,6
2023-07-12,7,8,10,18,23,6
2023-07-14,2,7,21,24,35,9
2023-07-17,5,9,15,28,29,7
2023-07-19,1,6,20,26,32,2
2023-07-21,10,13,29,34,35,2
2023-07-24,2,4,6,31,34,6
2023-07-26,3,7,10,23,24,5
2023-07-28,14,22,24,26,31,7
2023-07-31,2,3,17,23,32,9
2023-08-02,3,4,6,10,21,10
2023-08-04,2,16,23,29,34,4
2023-08-07,2,4,9,17,19,2
2023-08-09,9,10,11,13,20,3
2023-08-11,11,13,19,23,32,6
2023-08-14,4,9,24,26,33,7
2023-08-16,10,12,29,30,32,10
2023-08-18,13,16,21,24,27,10
2023-08-21,5,11,22,24,27,8
2023-08-23,2,9,20,27,28,5
2023-08-25,5,9,13,21,31,7
2023-08-28,1,7,12,13,25,8
2023-08-30,9,13,15,21,31,9
2023-09-01,6,21,22,34,35,3
2023-09-04,7,11,23,27,28,5
2023-09-06,8,24,27,31,32,4
2023-09-08,11,19,22,32,33,6
2023-09-11,4,12,18,23,33,3
2023-09-13,8,16,25,30,34,8
2023-09-15,9,10,16,25,32,2
2023-09-18,5,9,11,31,35,6
2023-09-20,6,22,23,28,34,7
2023-09-22,5,12,16,22,32,8
2023-09-25,10,16,17,21,34,1
2023-09-27,12,17,22,24,31,5
2023-09-29,3,10,17,26,29,9
2023-10-02,2,8,14,24,25,3
2023-10-04,8,10,14,29,33,10
2023-10-06,10,11,20,27,33,10
2023-10-09,5,16,19,22,31,4
2023-10-11,3,9,16,22,29,2
2023-10-13,6,7,12,15,25,1
2023-10-16,8,13,14,24,25,7
2023-10-18,2,8,17,28,30,5
2023-10-20,2,12,30,31,34,8
2023-10-23,13,27,30,31,32,1
2023-10-25,7,8,13,15,25,8
2023-10-27,7,14,17,26,35,4
2023-10-30,5,21,30,32,34,7
2023-11-01,5,10,26,30,33,10
2023-11-03,1,4,6,9,13,5
2023-11-06,3,14,15,21,27,2
2023-11-08,10,14,19,23,28,6
2023-11-10,3,6,13,32,35,6
2023-11-13,10,21,22,31,35,1
2023-11-15,2,15,17,20,35,6
2023-11-17,9,13,15,25,33,5
2023-11-20,18,19,23,28,34,8
2023-11-22,8,13,15,19,35,3
2023-11-24,9,14,15,23,25,8
2023-11-27,23,26,28,30,34,1
2023-11-29,15,22,31,33,34,6
2023-12-01,5,6,15,18,20,2
2023-12-04,11,14,22,29,35,6
2023-12-06,5,9,10,28,35,8
2023-12-08,1,8,11,12,22,6
2023-12-11,6,8,11,12,33,1
2023-12-13,1,2,12,17,19,9
2023-12-15,1,23,24,31,33,1
2023-12-18,6,13,17,24,30,10
2023-12-20,6,13,19,28,29,8
2023-12-22,14,18,20,22,28,9
2023-12-27,1,13,15,20,22,7
2023-12-29,1,12,14,16,19,7
2024-01-03,4,6,7,21,28,4
2024-01-05,7,8,18,30,32,8
2024-01-08,1,6,13,14,30,3
2024-01-10,5,6,16,27,35,4
2024-01-12,16,17,18,19,25,7
2024-01-15,2,3,6,14,33,3
2024-01-17,2,8,15,19,24,7
2024-01-19,8,10,11,26,31,10
2024-01-22,3,5,6,25,33,4
2024-01-24,9,11,25,26,27,1
2024-01-26,12,20,25,33,34,6
2024-01-29,2,3,22,23,35,8
2024-01-31,2,4,9,13,14,9
2024-02-02,11,12,19,20,32,8
2024-02-05,4,6,8,31,34,8
2024-02-07,2,8,10,16,34,1
2024-02-09,4,9,12,15,22,6
2024-02-12,3,4,6,12,15,2
2024-02-14,5,24,25,27,29,6
2024-02-16,4,6,14,23,26,10
2024-02-19,2,5,15,22,23,10
2024-02-21,4,12,15,29,32,10
2024-02-23,3,7,19,21,31,5
2024-02-26,14,20,23,29,33,8
2024-02-28,2,7,20,28,29,4
2024-03-01,4,5,15,19,35,6
2024-03-04,4,7,8,22,33,5
2024-03-06,9,13,24,30,35,4
2024-03-08,10,15,27,28,34,10
2024-03-11,4,12,23,25,29,5
2024-03-13,1,5,22,32,35,8
2024-03-15,15,18,19,21,28,8
2024-03-18,2,23,26,27,32,7
2024-03-20,4,9,10,13,14,9
2024-03-22,5,7,11,14,21,7
2024-03-25,1,11,20,30,31,9
2024-03-27,1,14,22,29,32,2
2024-04-01,7,12,19,21,25,6
2024-04-03,12,20,23,25,26,6
2024-04-05,1,15,25,27,34,10
2024-04-08,1,12,26,27,34,7
2024-04-10,1,2,10,17,31,3
2024-04-12,4,6,9,11,15,10
2024-04-15,1,4,5,31,32,6
2024-04-17,1,6,16,17,22,7
2024-04-19,6,7,9,27,35,4
2024-04-22,6,20,23,27,31,4
2024-04-24,1,3,5,7,8,9
2024-04-26,2,7,10,25,32,2
2024-04-29,17,22,24,29,32,1
2024-05-01,1,12,19,22,35,9
2024-05-03,1,19,25,29,34,4
2024-05-06,1,3,4,10,30,4
2024-05-08,1,2,14,19,24,6
2024-05-10,15,20,24,26,27,2
2024-05-13,4,11,24,26,33,10
2024-05-15,2,15,24,32,33,5
2024-05-17,10,13,16,21,27,7
2024-05-20,10,13,23,30,35,5
2024-05-22,6,18,26,31,34,9
2024-05-24,16,17,26,30,35,4
2024-05-27,5,15,23,30,34,5
2024-05-29,13,15,19,22,27,8
2024-05-31,12,16,22,29,33,5
2024-06-03,6,7,17,28,33,4
2024-06-05,2,4,24,31,33,8
2024-06-07,13,14,20,29,34,3
2024-06-10,7,9,19,24,27,2
2024-06-12,18,22,27,29,31,5
2024-06-14,3,11,13,31,34,4
2024-06-17,5,16,18,23,24,5
2024-06-19,3,4,7,11,26,8
2024-06-21,5,7,16,24,35,7
2024-06-24,4,12,24,25,33,5
2024-06-26,1,13,15,21,27,9
2024-06-28,15,24,30,31,35,9
2024-07-01,12,24,29,33,35,9
2024-07-03,9,28,31,33,34,10
2024-07-05,5,11,12,13,16,8
2024-07-08,20,21,28,33,34,1
2024-07-10,1,2,3,13,35,3
2024-07-12,1,9,10,28,30,3
2024-07-15,4,5,17,22,28,4
2024-07-17,4,20,22,29,31,5
2024-07-19,7,8,9,20,26,8
2024-07-22,9,15,22,26,28,4
2024-07-24,3,22,25,27,34,6
2024-07-26,4,9,16,22,23,4
2024-07-29,12,13,22,23,26,5
2024-07-31,1,9,17,25,26,10
2024-08-02,5,12,14,19,25,4
2024-08-05,2,9,22,25,28,2
2024-08-07,3,6,8,18,28,2
2024-08-09,1,5,21,25,35,10
2024-08-12,1,2,9,16,25,4
2024-08-14,3,35,17,16,9,3
2024-08-16,1,7,11,13,32,7
2024-08-19,1,21,30,33,35,7
2024-08-21,2,15,28,30,33,2
2024-08-23,1,5,21,26,27,2
2024-08-26,3,19,27,33,34,4
2024-08-28,22,26,28,33,34,1
2024-08-30,7,11,13,23,31,6
2024-09-02,3,16,17,29,31,1
2024-09-04,15,26,28,29,31,7
2024-09-06,7,16,27,28,34,2
2024-09-09,3,10,14,20,34,3
2024-09-11,1,10,23,25,27,2
2024-09-13,3,5,8,24,26,10
2024-09-16,3,4,5,13,20,5
2024-09-18,6,9,18,22,27,1
2024-09-20,12,13,19,26,34,10
2024-09-23,18,21,26,27,29,5
2024-09-25,5,12,17,18,28,3
2024-09-27,7,24,25,34,35,5
2024-09-30,8,11,14,17,24,10
2024-10-02,1,2,15,31,33,8
2024-10-04,2,15,21,23,29,2
2024-10-07,8,14,21,27,32,10
2024-10-09,17,19,29,30,35,9
2024-10-11,14,28,29,31,35,8
2024-10-14,3,5,9,15,28,9
2024-10-16,10,13,20,27,29,6
2024-10-18,2,5,9,14,33,4
2024-10-21,6,9,10,13,34,8
2024-10-23,2,4,7,21,31,3
2024-10-25,2,4,9,24,27,4
2024-10-28,12,15,17,29,30,6
2024-10-30,6,7,9,17,23,5
2024-11-01,11,15,19,20,25,6
2024-11-04,2,7,9,22,24,4
2024-11-06,10,18,19,21,28,5
2024-11-08,5,7,10,20,32,10
2024-11-11,3,8,21,25,27,4
2024-11-13,2,11,18,21,28,10
2024-11-15,1,8,21,22,23,10
2024-11-18,2,12,23,25,34,1
2024-11-20,14,17,24,28,32,2
2024-11-22,6,8,10,18,33,2
2024-11-25,8,11,15,18,22,3
2024-11-27,7,10,18,21,29,7
2024-11-29,9,14,15,22,28,7
2024-12-02,4,9,15,16,21,7
2024-12-04,1,3,7,14,25,7
2024-12-06,22,25,29,32,34,2
2024-12-09,1,11,21,30,34,3
2024-12-11,3,8,9,19,33,8
2024-12-13,1,5,12,26,31,4
2024-12-16,4,12,13,20,31,5
2024-12-18,6,13,24,25,33,2
2024-12-20,1,2,3,22,25,4
2024-12-23,1,9,17,33,35,2
2024-12-27,4,6,27,30,35,1
2024-12-30,4,18,19,22,27,2
2025-01-03,4,12,24,25,27,6
2025-01-08,3,17,23,34,35,8
2025-01-10,4,10,13,19,27,6
2025-01-13,5,22,28,31,32,2
2025-01-15,15,18,25,27,28,6
2025-01-17,13,15,25,28,35,8
2025-01-20,2,8,11,25,29,7
2025-01-22,8,14,21,22,28,7
2025-01-24,1,4,9,10,16,2
2025-01-27,2,19,26,27,33,2
2025-01-29,13,17,26,31,33,6
2025-01-31,16,22,26,32,35,1
2025-02-03,12,14,23,24,29,6
2025-02-05,3,4,5,14,29,2
2025-02-07,5,8,13,14,18,6
2025-02-10,5,9,12,18,24,7
2025-02-12,2,7,9,22,24,5
2025-02-14,6,8,18,24,29,6
2025-02-17,26,27,30,33,35,8
2025-02-19,1,21,22,26,31,3
2025-02-21,7,10,29,31,33,6
2025-02-24,14,18,21,32,35,1
2025-02-26,21,24,28,29,35,4
2025-02-28,11,15,18,20,24,6
2025-03-03,6,18,22,32,35,7
2025-03-05,11,12,29,30,31,6
2025-03-07,3,6,13,17,33,8
2025-03-10,10,14,19,25,26,3
2025-03-12,2,7,9,18,21,4
2025-03-14,5,8,18,23,31,4
2025-03-17,9,16,21,23,26,3
2025-03-19,6,9,10,16,24,9
2025-03-21,12,15,16,32,34,1
2025-03-24,5,14,21,22,24,6
2025-03-26,2,8,13,16,31,1
2025-03-28,3,5,15,16,34,3
2025-03-31,5,16,20,31,33,10
2025-04-02,3,9,17,26,33,2
2025-04-04,1,8,28,30,34,9
2025-04-07,1,18,23,28,31,3
2025-04-09,12,19,21,24,29,8
2025-04-11,13,16,28,29,31,9
2025-04-14,6,22,24,25,35,8
2025-04-16,2,9,32,34,35,6
2025-04-21,12,17,18,32,33,9
2025-04-23,8,14,20,26,34,6
2025-04-25,12,18,21,26,33,9
2025-04-28,3,11,22,33,34,10
2025-04-30,9,10,12,17,20,2
2025-05-02,4,5,8,14,24,1
2025-05-05,4,5,16,21,27,10
2025-05-07,2,16,23,27,33,2
2025-05-09,4,9,11,15,23,8
2025-05-12,13,16,20,26,35,8
2025-05-14,3,17,19,29,30,8
2025-05-16,5,14,16,17,26,7
2025-05-19,2,3,18,22,33,5
2025-05-21,4,9,16,21,31,10
2025-05-23,3,7,12,24,29,5
2025-05-26,3,20,28,29,34,3
2025-05-28,4,14,15,16,22,4
2025-05-30,8,13,17,20,34,7
2025-06-02,1,15,16,30,34,2
2025-06-04,11,16,22,24,28,8
2025-06-06,3,13,20,22,31,3
2025-06-09,6,24,27,28,31,4
2025-06-11,1,3,5,9,13,3
2025-06-13,2,14,16,19,21,9
2025-06-16,1,5,17,22,28,5
2025-06-18,1,9,16,17,24,1
2025-06-20,6,12,26,28,31,3
2025-06-23,11,18,22,24,33,7
2025-06-25,1,11,12,30,33,4
2025-06-27,6,13,25,26,34,4
2025-06-30,1,4,12,20,21,2
2025-07-02,1,6,17,25,32,10
2025-07-07,8,10,30,32,35,7
2025-07-09,2,4,13,28,35,4
2025-07-11,6,9,15,30,32,10
2025-07-14,15,18,27,28,30,3
2025-07-16,11,12,17,21,31,2
2025-07-18,8,11,15,31,32,6
2025-07-21,5,14,16,21,26,9
2025-07-23,12,14,15,22,33,6
2025-07-25,1,5,8,22,31,10
2025-07-28,12,15,22,23,24,1
2025-07-30,22,25,26,27,32,1
2025-08-01,2,4,8,16,34,9
2025-08-04,10,22,27,29,33,8
2025-08-06,4,11,17,18,19,5
2025-08-08,4,6,20,21,28,10
2025-08-11,7,12,27,34,35,2
2025-08-13,17,22,23,29,32,5
2025-08-15,6,9,21,25,28,9
2025-08-18,1,9,12,22,30,3
2025-08-20,6,13,30,31,34,2
2025-08-22,7,16,17,22,29,5
2025-08-25,5,11,12,16,31,5
2025-08-27,10,12,17,19,27,5
2025-08-29,8,16,18,21,27,7
2025-09-01,4,7,21,24,27,6
2025-09-03,1,3,21,22,34,8
2025-09-05,6,9,21,29,34,9
2025-09-08,6,7,12,24,29,9
2025-09-10,2,3,9,13,15,8
2025-09-12,1,10,15,22,28,3
2025-09-15,9,12,14,25,34,9
2025-09-17,3,6,10,13,25,8
2025-09-19,11,13,21,24,25,1
2025-09-22,13,20,23,28,33,6
2025-09-24,2,4,7,12,23,4
2025-09-26,2,3,16,21,33,5
2025-09-29,5,16,18,28,30,3
2025-10-01,8,18,26,31,34,5
2025-10-03,4,7,9,14,35,8
2025-10-06,3,20,22,23,34,3
2025-10-08,2,3,7,14,26,4
2025-10-10,5,14,20,22,30,9
2025-10-13,3,4,6,26,32,2
2025-10-15,5,12,19,23,33,7
2025-10-17,6,7,8,14,35,3
2025-10-20,2,9,20,27,29,1
2025-10-22,1,3,4,20,25,1
2025-10-24,12,18,19,21,24,2
2025-10-27,5,6,8,14,21,8
2025-10-29,3,4,9,15,28,8
2025-10-31,2,5,9,16,28,2
2025-11-03,1,4,5,17,33,3
2025-11-05,3,13,17,24,27,8
2025-11-07,4,12,24,26,33,9
2025-11-10,1,7,9,14,34,5
2025-11-12,3,11,13,16,20,4
2025-11-14,2,3,18,22,28,5
2025-11-17,14,19,23,25,28,6
2025-11-19,4,15,20,26,35,5
2025-11-21,13,24,25,27,33,9
2025-11-24,1,19,24,30,33,1
2025-11-26,4,10,12,24,31,3
2025-11-28,4,10,12,16,30,2
2025-12-01,10,11,12,17,28,4
2025-12-03,6,26,30,31,33,1
2025-12-05,1,7,9,18,20,8
2025-12-08,12,21,23,27,35,3
2025-12-10,18,20,24,34,35,2
2025-12-12,7,12,22,26,35,5
2025-12-15,21,27,31,33,35,4
2025-12-17,5,7,8,21,24,7
2025-12-19,5,18,25,26,35,7
2025-12-22,3,8,12,19,27,1
2025-12-24,19,21,22,25,31,5
2025-12-26,14,16,30,33,35,9
2025-12-29,6,8,19,20,26,10
2025-12-31,8,11,19,24,26,1
2026-01-02,12,20,21,32,33,1
2026-01-05,2,5,23,27,32,4
2026-01-07,13,18,21,27,32,10
2026-01-09,2,5,7,8,16,6
2026-01-12,3,10,22,32,34,8
2026-01-14,3,7,10,27,32,3
2026-01-16,4,6,15,22,23,5
2026-01-19,1,5,14,32,34,1
2026-01-21,11,13,15,23,27,2
2026-01-23,8,9,11,20,22,5
2026-01-26,9,10,14,20,34,7
2026-01-28,11,15,16,27,35,10
2026-01-30,2,9,23,29,30,8
2026-02-02,3,4,7,16,28,1
2026-02-04,5,25,27,29,33,9
2026-02-06,7,11,19,28,31,3
2026-02-09,5,7,10,14,29,3
2026-02-11,4,5,10,18,29,4
2026-02-13,2,11,14,20,31,8
2026-02-16,1,2,28,30,34,10
2026-02-18,3,17,25,31,35,9
2026-02-20,9,11,15,22,29,4
2026-02-23,1,5,9,23,30,9
2026-02-25,3,5,6,13,27,6
2026-02-27,6,8,21,33,35,4
2026-03-02,6,13,21,23,26,8
2026-03-04,4,5,20,21,24,8
2026-03-06,11,12,13,20,30,9
2026-03-09,1,22,23,30,34,2
2026-03-11,1,3,9,17,26,7
2026-03-13,2,16,21,28,34,1
2026-03-16,4,8,10,11,35,4
2026-03-18,3,6,22,24,32,7
2026-03-20,2,7,8,19,24,4
2026-03-25,2,4,9,13,27,10
2026-03-27,10,12,24,27,28,8
2026-03-30,6,9,15,16,31,7
2026-04-01,5,13,16,22,24,7
2026-04-06,3,13,22,24,32,2
2026-04-08,5,7,12,16,29,3
2026-04-10,1,4,8,15,26,5
2026-04-13,3,5,19,23,29,2
2026-04-15,8,11,12,17,25,1
2026-04-17,4,18,20,24,29,2
2026-04-20,4,5,25,28,33,2
2026-04-22,6,7,20,23,26,2
2026-04-24,2,13,21,22,35,7
2026-04-27,6,7,14,19,30,5
2026-04-29,6,7,21,25,32,8
2026-05-01,5,7,18,24,34,3
2026-05-04,6,7,10,11,34,5
2026-05-06,8,15,27,31,32,1
2026-05-08,7,11,15,23,26,2
2026-05-11,3,16,17,29,32,3
2026-05-13,6,10,12,30,31,10
2026-05-15,5,7,10,18,35,10
2026-05-18,2,7,15,20,24,4
2026-05-20,2,18,19,28,33,1
2026-05-22,3,9,17,27,31,3
2026-05-25,2,17,20,24,32,2
2026-05-27,4,8,20,25,34,4
2026-05-29,1,8,13,16,20,5
2026-06-01,7,15,23,26,33,1
2026-06-03,7,22,24,29,35,9
2026-06-05,7,8,10,23,27,3
2026-06-08,4,5,18,31,33,8
2026-06-10,6,13,20,21,26,8
2026-06-12,6,8,9,27,34,7
2026-06-15,5,13,15,27,32,9
2026-06-17,1,7,13,19,30,1
2026-06-19,02,18,28,32,34,04
2026-06-22,01,02,11,16,32,10
2026-06-24,10,23,29,33,35,09
2026-06-26,09,23,28,30,34,06
2026-06-29,06,11,15,22,29,08
2026-07-01,11,16,28,30,33,08
2026-07-03,03,08,25,27,35,05
2026-07-06,13,14,19,20,28,01
2026-07-08,02,03,07,18,19,05
2026-07-10,06,18,23,26,29,10
2026-07-13,17,18,23,30,33,05
2026-07-15,05,07,18,34,35,09
2026-07-17,06,07,21,23,27,08
2026-07-20,01,03,07,20,31,03
2026-07-22,01,03,12,16,23,09
2026-07-24,07,15,27,31,33,05
2026-07-27,20,28,29,30,32,01
2026-07-29,01,14,15,18,30,02
2026-07-31,04,05,11,13,16,02
