date,p1,p2,number
2018-11-14,9,3,93
2018-11-28,6,2,62
2018-12-12,9,4,94
2019-01-02,8,3,83
2019-01-03,0,5,05
2019-01-04,4,7,47
2019-01-05,2,1,21
2019-01-07,7,1,71
2019-01-08,6,2,62
2019-01-09,9,8,98
2019-01-10,1,4,14
2019-01-11,9,8,98
2019-01-12,2,4,24
2019-01-14,9,9,99
2019-01-15,2,7,27
2019-01-16,9,6,96
2019-01-17,0,9,09
2019-01-18,6,7,67
2019-01-19,4,5,45
2019-01-21,6,2,62
2019-01-22,1,9,19
2019-01-23,6,1,61
2019-01-24,0,5,05
2019-01-25,9,2,92
2019-01-26,7,5,75
2019-01-28,9,9,99
2019-01-29,9,7,97
2019-01-30,8,8,88
2019-01-31,7,4,74
2019-02-02,5,4,54
2019-02-04,0,2,02
2019-02-05,8,6,86
2019-02-07,2,9,29
2019-02-08,1,0,10
2019-02-08,1,6,16
2019-02-09,7,9,79
2019-02-11,9,2,92
2019-02-12,7,1,71
2019-02-13,7,8,78
2019-02-14,8,1,81
2019-02-15,3,3,33
2019-02-16,3,7,37
2019-02-18,2,8,28
2019-02-19,8,9,89
2019-02-20,8,6,86
2019-02-21,0,8,08
2019-02-22,0,0,00
2019-02-23,1,6,16
2019-02-28,0,9,09
2019-03-01,2,7,27
2019-03-02,6,8,68
2019-03-04,3,4,34
2019-03-05,9,3,93
2019-03-06,1,5,15
2019-03-07,0,6,06
2019-03-08,7,4,74
2019-03-09,1,3,13
2019-03-11,2,2,22
2019-03-12,6,9,69
2019-03-13,3,3,33
2019-03-14,4,0,40
2019-03-15,3,9,39
2019-03-16,3,4,34
2019-03-18,0,6,06
2019-03-19,1,7,17
2019-03-20,6,1,61
2019-03-21,3,9,39
2019-03-22,8,2,82
2019-03-25,6,0,60
2019-03-26,3,4,34
2019-03-27,0,5,05
2019-03-28,6,2,62
2019-03-29,1,6,16
2019-03-30,4,7,47
2019-04-01,2,9,29
2019-04-02,2,1,21
2019-04-08,2,0,20
2019-04-09,8,8,88
2019-04-10,7,2,72
2019-04-11,5,2,52
2019-04-12,6,8,68
2019-04-15,0,5,05
2019-04-16,9,4,94
2019-04-17,2,3,23
2019-04-18,3,7,37
2019-04-20,5,1,51
2019-04-22,9,7,97
2019-04-23,1,0,10
2019-04-24,7,7,77
2019-04-25,1,8,18
2019-04-26,7,9,79
2019-04-27,9,5,95
2019-04-30,8,6,86
2019-05-09,8,3,83
2019-05-10,3,2,32
2019-05-11,9,1,91
2019-05-13,3,4,34
2019-05-14,0,6,06
2019-05-15,6,7,67
2019-05-16,7,4,74
2019-05-17,4,1,41
2019-05-18,1,4,14
2019-05-20,7,6,76
2019-05-21,4,7,47
2019-05-22,4,5,45
2019-05-24,5,1,51
2019-05-25,9,3,93
2019-05-27,4,6,46
2019-05-28,9,0,90
2019-05-29,8,9,89
2019-05-30,1,2,12
2019-05-31,6,7,67
2019-06-01,1,9,19
2019-06-03,7,5,75
2019-06-04,0,2,02
2019-06-05,3,7,37
2019-06-06,2,3,23
2019-06-07,5,6,56
2019-06-13,6,9,69
2019-06-17,6,4,64
2019-06-18,2,7,27
2019-06-19,8,1,81
2019-06-20,4,5,45
2019-06-21,3,1,31
2019-06-22,4,1,41
2019-06-24,4,1,41
2019-06-25,5,0,50
2019-06-26,9,4,94
2019-06-27,6,8,68
2019-06-28,6,1,61
2019-07-01,2,8,28
2019-07-02,8,3,83
2019-07-03,6,1,61
2019-07-05,6,6,66
2019-07-06,6,0,60
2019-07-10,4,6,46
2019-07-13,4,3,43
2019-07-15,4,7,47
2019-07-16,5,8,58
2019-07-17,2,1,21
2019-07-18,8,5,85
2019-07-23,2,3,23
2019-07-24,1,5,15
2019-07-25,1,1,11
2019-07-26,6,2,62
2019-07-30,9,4,94
2019-07-31,5,7,57
2019-08-01,9,6,96
2019-08-03,2,7,27
2019-08-05,5,6,56
2019-08-06,2,4,24
2019-08-07,2,5,25
2019-08-08,0,2,02
2019-08-09,2,1,21
2019-08-10,4,9,49
2019-08-12,9,5,95
2019-08-13,0,4,04
2019-08-14,9,6,96
2019-08-16,1,4,14
2019-08-17,3,3,33
2019-08-19,3,6,36
2019-08-20,2,3,23
2019-08-21,0,6,06
2019-08-22,2,3,23
2019-08-23,8,7,87
2019-08-24,7,2,72
2019-08-26,1,6,16
2019-08-27,3,6,36
2019-08-28,1,3,13
2019-08-29,0,7,07
2019-08-30,2,9,29
2019-08-31,8,4,84
2019-09-02,4,3,43
2019-09-03,4,6,46
2019-09-04,8,7,87
2019-09-05,3,1,31
2019-09-06,7,0,70
2019-09-07,5,7,57
2019-09-09,4,3,43
2019-09-10,1,7,17
2019-09-11,6,4,64
2019-09-12,7,8,78
2019-09-14,7,5,75
2019-09-16,2,2,22
2019-09-17,4,4,44
2019-09-18,6,0,60
2019-09-19,6,5,65
2019-09-23,2,7,27
2019-09-24,4,4,44
2019-09-25,8,0,80
2019-09-26,0,5,05
2019-09-27,3,4,34
2019-09-28,0,1,01
2019-09-30,4,8,48
2019-10-01,3,8,38
2019-10-02,8,8,88
2019-10-03,3,5,35
2019-10-04,6,9,69
2019-10-14,9,4,94
2019-10-15,3,5,35
2019-10-16,9,4,94
2019-10-17,9,8,98
2019-10-18,4,3,43
2019-10-19,2,6,26
2019-10-21,0,5,05
2019-10-22,4,5,45
2019-10-23,3,4,34
2019-10-24,7,2,72
2019-10-25,2,1,21
2019-10-30,2,1,21
2019-10-31,1,7,17
2019-11-01,4,3,43
2019-11-02,5,1,51
2019-11-04,0,6,06
2019-11-05,9,2,92
2019-11-06,5,3,53
2019-11-07,3,6,36
2019-11-08,3,3,33
2019-11-09,9,1,91
2019-11-11,2,5,25
2019-11-12,2,0,20
2019-11-13,3,4,34
2019-11-15,6,4,64
2019-11-16,5,2,52
2019-11-18,0,3,03
2019-11-19,9,6,96
2019-11-20,8,5,85
2019-11-21,6,5,65
2019-11-22,0,6,06
2019-11-23,4,3,43
2019-11-25,1,0,10
2019-11-26,7,4,74
2019-11-27,3,1,31
2019-12-02,0,5,05
2019-12-03,8,7,87
2019-12-04,3,2,32
2019-12-05,9,5,95
2019-12-06,6,5,65
2019-12-07,1,9,19
2019-12-09,9,0,90
2019-12-10,5,0,50
2019-12-11,2,8,28
2019-12-12,3,0,30
2019-12-13,6,8,68
2019-12-14,0,7,07
2019-12-16,7,8,78
2019-12-17,9,4,94
2019-12-18,6,9,69
2019-12-19,7,8,78
2019-12-20,7,3,73
2019-12-21,4,0,40
2019-12-23,9,5,95
2019-12-24,3,4,34
2019-12-26,7,7,77
2019-12-27,1,5,15
2019-12-28,0,8,08
2019-12-30,2,8,28
2019-12-31,0,2,02
2020-01-02,8,4,84
2020-01-03,4,6,46
2020-01-04,3,4,34
2020-01-07,7,5,75
2020-01-08,0,6,06
2020-01-09,9,8,98
2020-01-10,6,9,69
2020-01-11,2,6,26
2020-01-13,9,6,96
2020-01-14,4,0,40
2020-01-15,9,5,95
2020-01-16,7,2,72
2020-01-17,0,5,05
2020-01-18,8,1,81
2020-01-20,7,3,73
2020-01-21,1,3,13
2020-01-22,7,5,75
2020-01-23,7,0,70
2020-01-24,1,6,16
2020-01-27,5,8,58
2020-01-28,7,6,76
2020-01-29,0,8,08
2020-01-30,4,7,47
2020-01-31,9,0,90
2020-02-01,2,8,28
2020-02-03,6,4,64
2020-02-04,4,9,49
2020-02-05,6,8,68
2020-02-06,7,3,73
2020-02-07,9,5,95
2020-02-08,7,9,79
2020-02-10,9,3,93
2020-02-11,5,8,58
2020-02-12,6,7,67
2020-02-13,8,0,80
2020-02-15,1,4,14
2020-02-17,4,7,47
2020-02-18,8,2,82
2020-02-19,4,1,41
2020-02-20,8,9,89
2020-02-21,1,8,18
2020-02-22,9,2,92
2020-02-24,6,9,69
2020-02-25,6,0,60
2020-02-26,5,0,50
2020-02-27,1,4,14
2020-02-28,0,4,04
2020-02-29,7,0,70
2020-03-02,7,0,70
2020-03-03,1,2,12
2020-03-04,7,4,74
2020-03-05,2,5,25
2020-03-06,1,7,17
2020-03-07,9,3,93
2020-03-09,9,0,90
2020-03-10,7,1,71
2020-03-11,4,0,40
2020-03-12,8,8,88
2020-03-13,6,7,67
2020-03-14,4,2,42
2020-03-16,3,2,32
2020-03-17,1,3,13
2020-03-18,9,5,95
2020-03-19,0,7,07
2020-03-20,4,8,48
2020-03-21,2,9,29
2020-03-23,0,4,04
2020-03-24,3,6,36
2020-03-25,9,5,95
2020-03-26,1,5,15
2020-03-27,7,6,76
2020-03-28,7,4,74
2020-03-30,8,2,82
2020-03-31,6,0,60
2020-04-01,2,9,29
2020-04-02,9,3,93
2020-04-03,4,1,41
2020-04-04,2,6,26
2020-04-06,2,7,27
2020-04-07,1,7,17
2020-04-08,3,4,34
2020-04-09,9,8,98
2020-04-11,9,9,99
2020-04-13,6,4,64
2020-04-14,7,1,71
2020-04-15,6,4,64
2020-04-16,4,3,43
2020-04-17,0,1,01
2020-04-18,8,2,82
2020-04-20,1,0,10
2020-04-21,3,1,31
2020-04-22,7,6,76
2020-04-23,9,1,91
2020-04-24,1,6,16
2020-04-25,4,2,42
2020-04-27,4,1,41
2020-04-28,2,3,23
2020-04-29,9,3,93
2020-04-30,3,3,33
2020-05-01,5,5,55
2020-05-02,4,1,41
2020-05-04,8,8,88
2020-05-05,0,2,02
2020-05-06,3,9,39
2020-05-07,7,0,70
2020-05-08,1,2,12
2020-05-09,4,2,42
2020-05-11,5,3,53
2020-05-12,8,0,80
2020-05-13,1,3,13
2020-05-14,1,5,15
2020-05-15,6,7,67
2020-05-16,0,8,08
2020-05-18,8,6,86
2020-05-19,6,3,63
2020-05-20,0,2,02
2020-05-21,9,2,92
2020-05-22,5,4,54
2020-05-23,2,3,23
2020-05-25,5,4,54
2020-05-26,6,3,63
2020-05-27,6,4,64
2020-05-28,8,4,84
2020-05-29,2,1,21
2020-05-30,1,7,17
2020-06-01,4,9,49
2020-06-02,7,1,71
2020-06-03,8,4,84
2020-06-04,5,7,57
2020-06-05,5,0,50
2020-06-06,2,7,27
2020-06-08,4,0,40
2020-06-09,3,0,30
2020-06-10,7,1,71
2020-06-11,8,1,81
2020-06-12,1,5,15
2020-06-13,2,6,26
2020-06-15,7,4,74
2020-06-16,7,6,76
2020-06-17,4,4,44
2020-06-18,0,1,01
2020-06-19,0,7,07
2020-06-20,2,3,23
2020-06-22,8,0,80
2020-06-23,3,4,34
2020-06-24,6,6,66
2020-06-25,9,7,97
2020-06-26,8,6,86
2020-06-27,1,8,18
2020-06-29,7,7,77
2020-06-30,5,3,53
2020-07-01,4,0,40
2020-07-02,3,6,36
2020-07-03,4,2,42
2020-07-06,2,0,20
2020-07-07,2,4,24
2020-07-08,8,8,88
2020-07-09,7,7,77
2020-07-10,5,3,53
2020-07-11,0,1,01
2020-07-13,2,7,27
2020-07-14,5,6,56
2020-07-15,2,9,29
2020-07-16,6,9,69
2020-07-17,6,9,69
2020-07-18,1,6,16
2020-07-20,0,2,02
2020-07-21,6,1,61
2020-07-22,0,6,06
2020-07-23,8,8,88
2020-07-24,4,2,42
2020-07-25,6,6,66
2020-07-27,2,3,23
2020-07-28,0,9,09
2020-07-29,9,3,93
2020-08-01,5,8,58
2020-08-03,9,4,94
2020-08-04,6,0,60
2020-08-05,0,6,06
2020-08-06,7,3,73
2020-08-07,6,3,63
2020-08-08,6,3,63
2020-08-10,3,1,31
2020-08-11,5,3,53
2020-08-12,0,6,06
2020-08-13,2,7,27
2020-08-14,2,9,29
2020-08-15,6,5,65
2020-08-17,4,1,41
2020-08-18,4,1,41
2020-08-19,5,9,59
2020-08-20,8,6,86
2020-08-21,8,7,87
2020-08-25,2,8,28
2020-08-26,3,9,39
2020-08-27,8,4,84
2020-08-28,4,9,49
2020-08-29,3,0,30
2020-08-31,1,4,14
2020-09-01,0,7,07
2020-09-02,7,2,72
2020-09-03,6,2,62
2020-09-04,2,8,28
2020-09-05,3,3,33
2020-09-07,1,0,10
2020-09-08,1,8,18
2020-09-09,7,9,79
2020-09-10,8,6,86
2020-09-11,6,8,68
2020-09-12,9,0,90
2020-09-14,4,4,44
2020-09-15,9,3,93
2020-09-16,2,8,28
2020-09-17,3,9,39
2020-09-18,5,1,51
2020-09-19,4,4,44
2020-09-21,5,9,59
2020-09-22,1,6,16
2020-09-23,5,5,55
2020-09-24,2,4,24
2020-09-25,3,9,39
2020-09-26,7,9,79
2020-09-28,6,1,61
2020-09-29,2,5,25
2020-09-30,2,8,28
2020-10-01,1,0,10
2020-10-02,3,1,31
2020-10-03,9,6,96
2020-10-05,0,2,02
2020-10-06,2,9,29
2020-10-07,5,8,58
2020-10-08,4,5,45
2020-10-09,1,9,19
2020-10-10,3,1,31
2020-10-12,0,1,01
2020-10-13,0,4,04
2020-10-14,1,9,19
2020-10-15,3,8,38
2020-10-16,6,4,64
2020-10-17,5,4,54
2020-10-19,1,8,18
2020-10-20,8,1,81
2020-10-21,4,6,46
2020-10-22,0,4,04
2020-10-23,6,8,68
2020-10-24,2,3,23
2020-10-26,1,5,15
2020-10-27,6,5,65
2020-10-28,3,7,37
2020-10-29,6,5,65
2020-10-30,3,1,31
2020-10-31,5,6,56
2020-11-02,4,5,45
2020-11-04,6,0,60
2020-11-05,3,3,33
2020-11-06,1,3,13
2020-11-07,5,3,53
2020-11-09,6,6,66
2020-11-10,2,8,28
2020-11-11,3,7,37
2020-11-12,1,5,15
2020-11-13,0,3,03
2020-11-14,1,9,19
2020-11-16,6,1,61
2020-11-17,5,0,50
2020-11-19,2,9,29
2020-11-20,1,3,13
2020-11-21,1,2,12
2020-11-23,1,3,13
2020-11-24,1,0,10
2020-11-27,6,2,62
2020-11-28,8,7,87
2020-11-30,0,5,05
2020-12-01,1,9,19
2020-12-02,5,1,51
2020-12-03,3,2,32
2020-12-04,0,0,00
2020-12-05,7,4,74
2020-12-07,2,5,25
2020-12-08,9,0,90
2020-12-09,8,1,81
2020-12-10,5,0,50
2020-12-11,4,1,41
2020-12-12,2,8,28
2020-12-14,8,1,81
2020-12-15,2,0,20
2020-12-16,2,2,22
2020-12-17,0,2,02
2020-12-18,1,5,15
2020-12-19,0,5,05
2020-12-21,3,9,39
2020-12-22,8,2,82
2020-12-23,0,5,05
2020-12-24,8,3,83
2020-12-26,7,8,78
2020-12-28,3,8,38
2020-12-29,5,8,58
2020-12-30,8,4,84
2020-12-31,8,3,83
2021-01-02,5,8,58
2021-01-04,3,1,31
2021-01-05,2,2,22
2021-01-07,9,8,98
2021-01-08,3,5,35
2021-01-09,2,5,25
2021-01-11,3,9,39
2021-01-12,7,7,77
2021-01-13,3,2,32
2021-01-14,3,7,37
2021-01-15,1,8,18
2021-01-16,8,4,84
2021-01-18,3,9,39
2021-01-19,7,4,74
2021-01-20,7,0,70
2021-01-21,7,4,74
2021-01-22,9,0,90
2021-01-23,7,9,79
2021-01-25,0,1,01
2021-01-26,5,2,52
2021-01-27,8,6,86
2021-01-28,8,0,80
2021-01-29,1,8,18
2021-01-30,7,7,77
2021-02-01,3,3,33
2021-02-02,3,1,31
2021-02-03,9,1,91
2021-02-04,5,1,51
2021-02-05,9,7,97
2021-02-06,2,2,22
2021-02-08,0,8,08
2021-02-09,9,7,97
2021-02-10,9,5,95
2021-02-11,5,6,56
2021-02-12,7,8,78
2021-02-13,0,3,03
2021-02-15,5,1,51
2021-02-16,3,5,35
2021-02-19,7,1,71
2021-02-20,3,7,37
2021-02-22,9,4,94
2021-02-23,2,3,23
2021-02-24,1,9,19
2021-02-25,0,6,06
2021-02-26,0,7,07
2021-02-27,4,5,45
2021-03-01,7,5,75
2021-03-02,4,1,41
2021-03-03,2,9,29
2021-03-04,4,3,43
2021-03-05,6,4,64
2021-03-06,9,6,96
2021-03-08,2,4,24
2021-03-09,8,1,81
2021-03-10,8,8,88
2021-03-11,6,1,61
2021-03-12,4,6,46
2021-03-13,6,4,64
2021-03-15,7,6,76
2021-03-16,9,9,99
2021-03-17,9,0,90
2021-03-18,9,3,93
2021-03-19,9,6,96
2021-03-20,0,4,04
2021-03-22,3,3,33
2021-03-23,5,8,58
2021-03-24,9,3,93
2021-03-25,8,7,87
2021-03-26,5,2,52
2021-03-27,8,2,82
2021-03-29,2,6,26
2021-03-30,8,4,84
2021-03-31,3,5,35
2021-04-01,2,8,28
2021-04-03,6,6,66
2021-04-05,5,1,51
2021-04-06,4,1,41
2021-04-07,3,9,39
2021-04-08,8,4,84
2021-04-09,6,4,64
2021-04-10,9,0,90
2021-04-12,0,3,03
2021-04-13,1,2,12
2021-04-14,4,1,41
2021-04-15,0,7,07
2021-04-16,7,5,75
2021-04-17,1,5,15
2021-04-19,9,8,98
2021-04-20,8,6,86
2021-04-21,6,9,69
2021-04-22,7,1,71
2021-04-23,7,1,71
2021-04-24,0,4,04
2021-04-26,6,4,64
2021-04-27,8,3,83
2021-04-28,7,5,75
2021-04-29,6,5,65
2021-04-30,1,6,16
2021-05-01,8,3,83
2021-05-03,1,8,18
2021-05-04,6,5,65
2021-05-05,4,8,48
2021-05-06,2,1,21
2021-05-07,8,0,80
2021-05-08,6,2,62
2021-05-10,5,8,58
2021-05-11,7,5,75
2021-05-12,7,2,72
2021-05-13,9,4,94
2021-05-14,2,0,20
2021-05-15,3,5,35
2021-05-17,2,3,23
2021-05-18,9,4,94
2021-05-19,8,6,86
2021-05-20,8,0,80
2021-05-21,7,0,70
2021-05-22,7,5,75
2021-05-24,3,3,33
2021-05-25,2,9,29
2021-05-26,3,1,31
2021-05-27,2,9,29
2021-05-28,8,2,82
2021-05-29,2,0,20
2021-06-01,6,3,63
2021-06-02,5,2,52
2021-06-03,2,1,21
2021-06-04,4,1,41
2021-06-05,4,4,44
2021-06-07,2,4,24
2021-06-08,2,7,27
2021-06-09,8,3,83
2021-06-10,9,1,91
2021-06-11,6,5,65
2021-06-12,9,9,99
2021-06-14,7,8,78
2021-06-15,2,8,28
2021-06-16,2,4,24
2021-06-17,4,9,49
2021-06-18,3,7,37
2021-06-19,0,3,03
2021-06-21,0,6,06
2021-06-22,1,6,16
2021-06-23,7,9,79
2021-06-24,6,2,62
2021-06-25,4,7,47
2021-06-26,5,9,59
2021-06-28,5,7,57
2021-06-29,8,2,82
2021-06-30,4,7,47
2021-07-01,6,4,64
2021-07-02,2,3,23
2021-07-03,6,4,64
2021-07-06,7,8,78
2021-07-07,3,7,37
2021-07-08,4,8,48
2021-07-09,3,0,30
2021-07-10,1,3,13
2021-07-12,1,4,14
2021-07-13,0,7,07
2021-07-14,5,3,53
2021-07-15,2,8,28
2021-07-16,5,3,53
2021-07-17,6,4,64
2021-07-19,1,6,16
2021-07-20,7,3,73
2021-07-21,1,2,12
2021-07-22,5,3,53
2021-07-23,6,9,69
2021-07-24,6,2,62
2021-07-26,2,4,24
2021-07-27,3,3,33
2021-07-28,8,9,89
2021-07-29,0,7,07
2021-07-30,1,7,17
2021-07-31,7,1,71
2021-08-02,6,9,69
2021-08-03,9,5,95
2021-08-04,4,5,45
2021-08-05,8,1,81
2021-08-06,7,2,72
2021-08-07,6,3,63
2021-08-09,3,0,30
2021-08-10,1,3,13
2021-08-11,5,9,59
2021-08-12,2,7,27
2021-08-13,7,5,75
2021-08-14,9,6,96
2021-08-16,2,1,21
2021-08-17,7,7,77
2021-08-18,7,6,76
2021-08-19,0,1,01
2021-08-20,0,0,00
2021-08-21,0,2,02
2021-08-23,8,3,83
2021-08-24,0,7,07
2021-08-25,7,7,77
2021-08-26,7,5,75
2021-08-27,6,9,69
2021-08-28,1,8,18
2021-08-30,7,4,74
2021-08-31,7,5,75
2021-09-01,0,8,08
2021-09-02,9,2,92
2021-09-03,2,4,24
2021-09-04,7,1,71
2021-09-06,8,7,87
2021-09-07,0,8,08
2021-09-08,0,3,03
2021-09-09,5,1,51
2021-09-10,7,8,78
2021-09-11,5,3,53
2021-09-13,7,6,76
2021-09-14,0,0,00
2021-09-15,0,5,05
2021-09-16,3,3,33
2021-09-17,0,6,06
2021-09-18,4,3,43
2021-09-20,1,1,11
2021-09-21,0,9,09
2021-09-22,0,8,08
2021-09-23,3,2,32
2021-09-24,6,2,62
2021-09-25,9,5,95
2021-09-27,7,0,70
2021-09-28,6,2,62
2021-09-29,8,6,86
2021-09-30,9,0,90
2021-10-01,0,3,03
2021-10-02,7,0,70
2021-10-04,3,8,38
2021-10-05,2,8,28
2021-10-06,5,6,56
2021-10-07,2,9,29
2021-10-08,3,7,37
2021-10-09,1,5,15
2021-10-11,7,3,73
2021-10-12,7,6,76
2021-10-13,0,1,01
2021-10-14,3,4,34
2021-10-15,7,9,79
2021-10-16,2,0,20
2021-10-18,5,3,53
2021-10-19,0,7,07
2021-10-20,8,9,89
2021-10-21,9,8,98
2021-10-22,4,9,49
2021-10-23,7,1,71
2021-10-25,5,9,59
2021-10-26,8,8,88
2021-10-27,4,2,42
2021-10-28,5,3,53
2021-10-29,0,5,05
2021-10-30,1,5,15
2021-11-01,0,6,06
2021-11-02,1,2,12
2021-11-03,8,7,87
2021-11-04,7,5,75
2021-11-05,2,8,28
2021-11-06,5,7,57
2021-11-08,1,0,10
2021-11-09,2,2,22
2021-11-10,5,1,51
2021-11-11,9,8,98
2021-11-12,3,5,35
2021-11-13,9,4,94
2021-11-15,9,5,95
2021-11-16,9,0,90
2021-11-17,4,0,40
2021-11-18,5,7,57
2021-11-19,4,0,40
2021-11-20,0,7,07
2021-11-22,1,0,10
2021-11-23,3,3,33
2021-11-24,0,9,09
2021-11-26,4,0,40
2021-11-27,8,0,80
2021-11-29,1,4,14
2021-11-30,2,0,20
2021-12-01,8,5,85
2021-12-02,2,9,29
2021-12-03,2,6,26
2021-12-04,1,1,11
2021-12-06,0,4,04
2021-12-07,6,4,64
2021-12-08,5,1,51
2021-12-09,8,6,86
2021-12-10,5,3,53
2021-12-11,5,7,57
2021-12-13,2,5,25
2021-12-14,3,0,30
2021-12-15,3,9,39
2021-12-16,5,3,53
2021-12-17,7,8,78
2021-12-18,8,0,80
2021-12-20,0,3,03
2021-12-21,7,8,78
2021-12-22,6,2,62
2021-12-23,8,4,84
2021-12-24,9,3,93
2021-12-27,4,1,41
2021-12-28,5,4,54
2021-12-29,1,0,10
2021-12-30,7,8,78
2021-12-31,2,4,24
2022-01-03,1,4,14
2022-01-04,0,8,08
2022-01-05,9,1,91
2022-01-07,1,5,15
2022-01-08,0,6,06
2022-01-10,2,7,27
2022-01-11,5,6,56
2022-01-12,4,7,47
2022-01-13,1,3,13
2022-01-14,2,1,21
2022-01-15,1,2,12
2022-01-17,3,5,35
2022-01-18,6,1,61
2022-01-19,9,6,96
2022-01-20,1,5,15
2022-01-21,8,0,80
2022-01-22,0,2,02
2022-01-24,5,8,58
2022-01-25,2,4,24
2022-01-26,4,5,45
2022-01-27,3,3,33
2022-01-28,4,0,40
2022-01-29,9,6,96
2022-01-31,3,6,36
2022-02-01,8,0,80
2022-02-02,5,4,54
2022-02-03,9,8,98
2022-02-04,7,8,78
2022-02-05,0,5,05
2022-02-07,9,6,96
2022-02-08,6,8,68
2022-02-09,8,7,87
2022-02-10,3,0,30
2022-02-11,7,2,72
2022-02-12,5,5,55
2022-02-14,3,3,33
2022-02-15,0,2,02
2022-02-16,7,3,73
2022-02-17,9,6,96
2022-02-18,1,5,15
2022-02-19,2,9,29
2022-02-21,2,2,22
2022-02-22,1,4,14
2022-02-23,5,9,59
2022-02-24,6,0,60
2022-02-25,2,9,29
2022-02-26,8,6,86
2022-02-28,2,1,21
2022-03-01,2,7,27
2022-03-02,1,0,10
2022-03-03,7,6,76
2022-03-04,4,6,46
2022-03-05,0,1,01
2022-03-07,7,3,73
2022-03-08,2,7,27
2022-03-09,9,7,97
2022-03-10,1,5,15
2022-03-11,0,7,07
2022-03-12,3,3,33
2022-03-14,3,7,37
2022-03-15,9,1,91
2022-03-16,0,3,03
2022-03-17,5,3,53
2022-03-18,7,4,74
2022-03-19,0,2,02
2022-03-21,6,0,60
2022-03-22,5,2,52
2022-03-23,7,9,79
2022-03-24,6,7,67
2022-03-25,6,0,60
2022-03-26,5,1,51
2022-03-28,3,4,34
2022-03-29,8,0,80
2022-03-30,6,4,64
2022-03-31,9,0,90
2022-04-01,5,9,59
2022-04-02,7,8,78
2022-04-04,6,9,69
2022-04-05,7,0,70
2022-04-06,5,3,53
2022-04-07,9,1,91
2022-04-08,6,5,65
2022-04-09,6,0,60
2022-04-11,1,7,17
2022-04-12,2,4,24
2022-04-13,3,8,38
2022-04-14,7,6,76
2022-04-16,8,4,84
2022-04-18,9,3,93
2022-04-19,4,0,40
2022-04-20,0,4,04
2022-04-21,2,6,26
2022-04-22,1,4,14
2022-04-23,7,3,73
2022-04-25,3,0,30
2022-04-26,2,5,25
2022-04-27,9,0,90
2022-04-28,8,0,80
2022-04-29,0,8,08
2022-04-30,5,8,58
2022-05-02,2,2,22
2022-05-03,1,4,14
2022-05-04,2,6,26
2022-05-05,4,6,46
2022-05-06,5,7,57
2022-05-07,9,8,98
2022-05-09,3,1,31
2022-05-10,2,6,26
2022-05-11,0,5,05
2022-05-12,7,7,77
2022-05-13,8,6,86
2022-05-14,8,7,87
2022-05-16,8,7,87
2022-05-17,4,4,44
2022-05-18,9,5,95
2022-05-19,6,4,64
2022-05-20,5,7,57
2022-05-21,6,8,68
2022-05-23,7,6,76
2022-05-24,6,4,64
2022-05-25,1,5,15
2022-05-26,4,9,49
2022-05-27,7,1,71
2022-05-28,5,6,56
2022-05-30,6,2,62
2022-05-31,1,4,14
2022-06-01,6,0,60
2022-06-02,9,4,94
2022-06-03,5,5,55
2022-06-04,2,5,25
2022-06-06,1,3,13
2022-06-07,4,7,47
2022-06-08,6,4,64
2022-06-09,0,9,09
2022-06-10,8,6,86
2022-06-11,4,9,49
2022-06-13,5,6,56
2022-06-14,2,0,20
2022-06-15,3,4,34
2022-06-16,0,5,05
2022-06-17,3,4,34
2022-06-18,1,7,17
2022-06-20,0,8,08
2022-06-21,0,3,03
2022-06-22,1,0,10
2022-06-23,9,1,91
2022-06-24,7,4,74
2022-06-25,0,8,08
2022-06-27,8,9,89
2022-06-28,2,9,29
2022-06-29,0,9,09
2022-06-30,3,3,33
2022-07-01,9,4,94
2022-07-02,9,0,90
2022-07-05,7,1,71
2022-07-06,6,6,66
2022-07-07,9,7,97
2022-07-08,1,1,11
2022-07-09,1,8,18
2022-07-11,3,0,30
2022-07-12,0,1,01
2022-07-13,6,7,67
2022-07-14,8,4,84
2022-07-15,2,7,27
2022-07-16,3,7,37
2022-07-18,8,5,85
2022-07-19,7,2,72
2022-07-20,2,7,27
2022-07-21,3,1,31
2022-07-22,5,0,50
2022-07-23,7,4,74
2022-07-25,2,0,20
2022-07-26,2,1,21
2022-07-27,3,6,36
2022-07-28,0,2,02
2022-07-29,8,1,81
2022-07-30,0,9,09
2022-08-01,9,6,96
2022-08-02,8,7,87
2022-08-03,4,3,43
2022-08-04,7,3,73
2022-08-05,6,8,68
2022-08-06,8,4,84
2022-08-08,0,6,06
2022-08-09,8,5,85
2022-08-10,3,4,34
2022-08-11,0,6,06
2022-08-12,0,8,08
2022-08-13,2,5,25
2022-08-15,3,5,35
2022-08-16,5,1,51
2022-08-17,7,5,75
2022-08-18,2,8,28
2022-08-19,8,2,82
2022-08-20,6,9,69
2022-08-22,1,3,13
2022-08-23,7,9,79
2022-08-24,3,4,34
2022-08-25,3,3,33
2022-08-26,7,7,77
2022-08-27,2,8,28
2022-08-29,0,0,00
2022-08-30,2,1,21
2022-08-31,1,8,18
2022-09-01,2,9,29
2022-09-02,8,7,87
2022-09-03,5,5,55
2022-09-05,4,3,43
2022-09-06,1,1,11
2022-09-07,8,5,85
2022-09-08,8,3,83
2022-09-09,7,0,70
2022-09-10,5,9,59
2022-09-12,7,4,74
2022-09-13,4,0,40
2022-09-14,8,2,82
2022-09-15,4,8,48
2022-09-16,7,8,78
2022-09-17,6,4,64
2022-09-19,2,2,22
2022-09-20,8,4,84
2022-09-21,4,7,47
2022-09-22,7,6,76
2022-09-23,6,1,61
2022-09-24,8,8,88
2022-09-26,6,0,60
2022-09-27,9,6,96
2022-09-28,4,6,46
2022-09-29,5,4,54
2022-09-30,7,3,73
2022-10-01,4,4,44
2022-10-03,3,3,33
2022-10-04,5,5,55
2022-10-05,3,2,32
2022-10-06,0,1,01
2022-10-07,0,7,07
2022-10-08,0,5,05
2022-10-10,6,0,60
2022-10-11,6,9,69
2022-10-12,8,4,84
2022-10-13,9,6,96
2022-10-14,9,2,92
2022-10-15,1,8,18
2022-10-17,2,6,26
2022-10-18,6,2,62
2022-10-19,3,5,35
2022-10-20,2,4,24
2022-10-21,4,9,49
2022-10-22,3,9,39
2022-10-24,2,6,26
2022-10-25,6,0,60
2022-10-26,1,4,14
2022-10-27,8,3,83
2022-10-28,5,8,58
2022-10-29,2,5,25
2022-10-31,1,8,18
2022-11-01,7,2,72
2022-11-02,6,7,67
2022-11-03,6,7,67
2022-11-04,1,1,11
2022-11-05,6,5,65
2022-11-07,6,9,69
2022-11-08,4,0,40
2022-11-09,2,4,24
2022-11-10,8,2,82
2022-11-11,2,4,24
2022-11-12,7,2,72
2022-11-14,0,7,07
2022-11-15,7,1,71
2022-11-16,1,3,13
2022-11-17,3,8,38
2022-11-18,1,7,17
2022-11-19,1,5,15
2022-11-21,7,8,78
2022-11-22,4,3,43
2022-11-23,7,6,76
2022-11-25,1,6,16
2022-11-26,2,0,20
2022-11-28,3,5,35
2022-11-29,5,5,55
2022-11-30,5,4,54
2022-12-01,9,9,99
2022-12-02,4,9,49
2022-12-03,3,9,39
2022-12-05,8,0,80
2022-12-06,6,8,68
2022-12-07,4,2,42
2022-12-08,9,3,93
2022-12-09,4,6,46
2022-12-10,2,5,25
2022-12-12,4,5,45
2022-12-13,2,7,27
2022-12-14,6,4,64
2022-12-15,3,9,39
2022-12-16,7,1,71
2022-12-17,6,3,63
2022-12-19,0,6,06
2022-12-20,0,7,07
2022-12-21,2,9,29
2022-12-22,2,1,21
2022-12-23,9,2,92
2022-12-24,6,3,63
2022-12-27,6,9,69
2022-12-28,2,8,28
2022-12-29,5,2,52
2022-12-30,1,4,14
2022-12-31,3,5,35
2023-01-03,8,0,80
2023-01-04,2,3,23
2023-01-05,7,3,73
2023-01-07,1,5,15
2023-01-09,7,0,70
2023-01-10,8,0,80
2023-01-11,7,8,78
2023-01-12,5,0,50
2023-01-13,6,1,61
2023-01-14,7,5,75
2023-01-16,5,8,58
2023-01-17,0,4,04
2023-01-18,0,1,01
2023-01-19,4,3,43
2023-01-20,2,9,29
2023-01-21,4,5,45
2023-01-23,9,6,96
2023-01-24,3,8,38
2023-01-25,2,9,29
2023-01-26,5,1,51
2023-01-27,2,5,25
2023-01-28,4,3,43
2023-01-30,2,4,24
2023-01-31,9,8,98
2023-02-01,7,2,72
2023-02-02,5,4,54
2023-02-03,9,9,99
2023-02-04,3,8,38
2023-02-06,6,5,65
2023-02-07,2,4,24
2023-02-08,0,4,04
2023-02-09,0,5,05
2023-02-10,3,1,31
2023-02-11,7,6,76
2023-02-13,0,1,01
2023-02-14,9,9,99
2023-02-15,0,5,05
2023-02-16,0,0,00
2023-02-17,6,2,62
2023-02-18,6,7,67
2023-02-20,0,2,02
2023-02-21,6,7,67
2023-02-22,6,1,61
2023-02-23,9,4,94
2023-02-24,9,9,99
2023-02-25,1,9,19
2023-02-27,6,1,61
2023-02-28,2,6,26
2023-03-01,8,8,88
2023-03-02,4,4,44
2023-03-03,9,6,96
2023-03-04,5,0,50
2023-03-06,4,5,45
2023-03-07,7,5,75
2023-03-08,3,9,39
2023-03-09,0,0,00
2023-03-10,3,9,39
2023-03-11,8,7,87
2023-03-13,6,3,63
2023-03-14,5,1,51
2023-03-15,5,8,58
2023-03-16,5,0,50
2023-03-17,9,5,95
2023-03-18,6,6,66
2023-03-20,4,4,44
2023-03-21,5,4,54
2023-03-22,2,6,26
2023-03-23,5,9,59
2023-03-24,7,4,74
2023-03-25,0,1,01
2023-03-27,4,9,49
2023-03-28,6,5,65
2023-03-29,6,5,65
2023-03-30,3,7,37
2023-03-31,6,4,64
2023-04-01,7,9,79
2023-04-03,3,1,31
2023-04-04,1,8,18
2023-04-05,7,3,73
2023-04-06,7,7,77
2023-04-08,6,8,68
2023-04-10,5,7,57
2023-04-11,5,4,54
2023-04-12,7,9,79
2023-04-13,9,3,93
2023-04-14,3,1,31
2023-04-15,9,0,90
2023-04-17,4,8,48
2023-04-18,1,3,13
2023-04-19,6,6,66
2023-04-20,1,8,18
2023-04-21,3,1,31
2023-04-22,4,4,44
2023-04-24,6,6,66
2023-04-25,5,5,55
2023-04-26,5,3,53
2023-04-27,1,8,18
2023-04-28,7,5,75
2023-04-29,7,3,73
2023-05-01,8,8,88
2023-05-02,4,5,45
2023-05-03,3,3,33
2023-05-04,5,5,55
2023-05-05,3,1,31
2023-05-06,9,2,92
2023-05-08,1,9,19
2023-05-09,8,9,89
2023-05-10,7,3,73
2023-05-11,3,2,32
2023-05-12,1,9,19
2023-05-13,4,4,44
2023-05-15,5,9,59
2023-05-16,0,4,04
2023-05-17,4,7,47
2023-05-18,2,5,25
2023-05-19,2,6,26
2023-05-20,3,7,37
2023-05-22,3,8,38
2023-05-23,3,8,38
2023-05-24,7,8,78
2023-05-25,7,4,74
2023-05-26,9,6,96
2023-05-27,2,7,27
2023-05-29,7,7,77
2023-05-30,6,4,64
2023-05-31,4,9,49
2023-06-01,4,8,48
2023-06-02,1,0,10
2023-06-03,1,2,12
2023-06-05,4,1,41
2023-06-06,4,0,40
2023-06-07,6,4,64
2023-06-08,1,9,19
2023-06-09,4,7,47
2023-06-10,2,2,22
2023-06-12,6,1,61
2023-06-13,2,3,23
2023-06-14,5,0,50
2023-06-15,0,0,00
2023-06-16,1,7,17
2023-06-17,3,2,32
2023-06-19,0,9,09
2023-06-20,3,1,31
2023-06-21,7,4,74
2023-06-22,3,0,30
2023-06-23,9,2,92
2023-06-24,3,0,30
2023-06-26,8,9,89
2023-06-27,1,1,11
2023-06-28,3,6,36
2023-06-29,9,7,97
2023-06-30,1,0,10
2023-07-01,8,4,84
2023-07-03,8,0,80
2023-07-05,6,3,63
2023-07-06,4,1,41
2023-07-07,0,3,03
2023-07-08,2,6,26
2023-07-10,0,2,02
2023-07-11,3,1,31
2023-07-12,5,2,52
2023-07-13,1,5,15
2023-07-14,9,5,95
2023-07-15,7,3,73
2023-07-17,0,4,04
2023-07-18,0,0,00
2023-07-19,6,2,62
2023-07-20,8,9,89
2023-07-21,8,3,83
2023-07-22,4,5,45
2023-07-24,2,7,27
2023-07-25,0,5,05
2023-07-26,2,7,27
2023-07-27,4,5,45
2023-07-28,1,0,10
2023-07-29,3,3,33
2023-07-31,9,4,94
2023-08-01,9,3,93
2023-08-02,6,1,61
2023-08-03,7,1,71
2023-08-04,0,0,00
2023-08-05,2,3,23
2023-08-07,5,9,59
2023-08-08,7,5,75
2023-08-09,6,8,68
2023-08-10,8,5,85
2023-08-11,0,4,04
2023-08-12,6,9,69
2023-08-14,1,8,18
2023-08-15,6,9,69
2023-08-16,8,8,88
2023-08-17,2,1,21
2023-08-18,1,6,16
2023-08-19,9,6,96
2023-08-21,0,5,05
2023-08-22,7,6,76
2023-08-23,5,1,51
2023-08-24,1,5,15
2023-08-25,6,5,65
2023-08-26,3,9,39
2023-08-28,3,7,37
2023-08-29,1,0,10
2023-08-30,3,9,39
2023-08-31,7,6,76
2023-09-01,6,3,63
2023-09-02,3,6,36
2023-09-04,3,5,35
2023-09-05,6,7,67
2023-09-06,0,3,03
2023-09-07,1,1,11
2023-09-08,9,4,94
2023-09-09,8,4,84
2023-09-11,6,2,62
2023-09-12,8,8,88
2023-09-13,5,8,58
2023-09-14,3,0,30
2023-09-15,1,7,17
2023-09-16,6,5,65
2023-09-18,7,3,73
2023-09-19,0,7,07
2023-09-20,3,7,37
2023-09-21,9,8,98
2023-09-22,5,7,57
2023-09-23,1,8,18
2023-09-25,6,9,69
2023-09-26,9,3,93
2023-09-27,7,5,75
2023-09-28,4,9,49
2023-09-29,1,7,17
2023-09-30,9,7,97
2023-10-02,6,5,65
2023-10-03,1,6,16
2023-10-04,3,9,39
2023-10-05,1,0,10
2023-10-06,4,3,43
2023-10-07,5,2,52
2023-10-09,5,4,54
2023-10-10,0,6,06
2023-10-11,3,7,37
2023-10-12,9,4,94
2023-10-13,9,6,96
2023-10-14,6,7,67
2023-10-16,8,9,89
2023-10-17,8,8,88
2023-10-18,9,6,96
2023-10-19,6,9,69
2023-10-20,3,2,32
2023-10-21,1,7,17
2023-10-23,0,7,07
2023-10-24,5,9,59
2023-10-25,0,1,01
2023-10-26,8,7,87
2023-10-27,1,6,16
2023-10-28,9,7,97
2023-10-30,2,7,27
2023-10-31,1,4,14
2023-11-01,3,7,37
2023-11-02,8,7,87
2023-11-03,7,0,70
2023-11-04,4,5,45
2023-11-06,8,5,85
2023-11-07,0,7,07
2023-11-08,1,5,15
2023-11-09,3,0,30
2023-11-10,9,4,94
2023-11-11,6,9,69
2023-11-13,3,9,39
2023-11-14,4,8,48
2023-11-15,3,0,30
2023-11-16,8,0,80
2023-11-17,9,0,90
2023-11-18,8,7,87
2023-11-20,0,0,00
2023-11-21,6,3,63
2023-11-22,6,3,63
2023-11-24,8,2,82
2023-11-25,7,6,76
2023-11-27,2,9,29
2023-11-28,4,8,48
2023-11-29,5,0,50
2023-11-30,6,9,69
2023-12-01,4,2,42
2023-12-02,4,2,42
2023-12-04,3,1,31
2023-12-05,7,9,79
2023-12-06,5,9,59
2023-12-07,5,2,52
2023-12-08,2,8,28
2023-12-09,4,5,45
2023-12-11,6,3,63
2023-12-12,1,8,18
2023-12-13,1,6,16
2023-12-14,4,7,47
2023-12-15,2,7,27
2023-12-16,2,1,21
2023-12-18,9,6,96
2023-12-19,9,1,91
2023-12-20,5,1,51
2023-12-21,5,2,52
2023-12-22,7,2,72
2023-12-23,9,9,99
2023-12-27,3,3,33
2023-12-28,5,1,51
2023-12-29,9,1,91
2023-12-30,3,6,36
2024-01-02,9,8,98
2024-01-03,0,1,01
2024-01-04,3,4,34
2024-01-05,3,0,30
2024-01-08,8,3,83
2024-01-09,4,5,45
2024-01-10,2,0,20
2024-01-11,1,7,17
2024-01-12,6,0,60
2024-01-13,5,0,50
2024-01-15,2,7,27
2024-01-16,0,9,09
2024-01-17,0,6,06
2024-01-18,0,5,05
2024-01-19,5,2,52
2024-01-20,9,6,96
2024-01-22,1,5,15
2024-01-23,1,7,17
2024-01-24,5,1,51
2024-01-25,6,4,64
2024-01-26,7,2,72
2024-01-27,9,5,95
2024-01-29,7,8,78
2024-01-30,9,9,99
2024-01-31,4,9,49
2024-02-01,7,7,77
2024-02-02,6,2,62
2024-02-03,7,2,72
2024-02-05,7,9,79
2024-02-06,7,3,73
2024-02-07,6,2,62
2024-02-08,9,0,90
2024-02-09,1,7,17
2024-02-10,8,4,84
2024-02-12,1,6,16
2024-02-13,2,3,23
2024-02-14,0,0,00
2024-02-15,4,7,47
2024-02-16,8,7,87
2024-02-17,7,7,77
2024-02-19,7,6,76
2024-02-20,5,9,59
2024-02-21,3,9,39
2024-02-22,1,8,18
2024-02-23,9,6,96
2024-02-24,7,2,72
2024-02-26,8,6,86
2024-02-27,5,5,55
2024-02-28,3,8,38
2024-02-29,8,2,82
2024-03-01,4,2,42
2024-03-02,5,2,52
2024-03-04,0,2,02
2024-03-05,1,0,10
2024-03-06,6,2,62
2024-03-07,1,4,14
2024-03-08,5,9,59
2024-03-09,2,7,27
2024-03-11,3,6,36
2024-03-12,2,4,24
2024-03-13,3,6,36
2024-03-14,9,6,96
2024-03-15,1,2,12
2024-03-16,4,5,45
2024-03-18,8,1,81
2024-03-19,7,3,73
2024-03-20,8,7,87
2024-03-21,7,7,77
2024-03-22,4,4,44
2024-03-23,3,4,34
2024-03-25,8,4,84
2024-03-26,7,4,74
2024-03-27,5,8,58
2024-03-28,4,5,45
2024-03-30,4,6,46
2024-04-01,4,3,43
2024-04-02,9,1,91
2024-04-03,2,1,21
2024-04-04,1,4,14
2024-04-05,3,2,32
2024-04-06,9,8,98
2024-04-08,3,4,34
2024-04-09,0,0,00
2024-04-10,3,4,34
2024-04-11,4,4,44
2024-04-12,4,2,42
2024-04-13,8,0,80
2024-04-15,0,1,01
2024-04-16,0,4,04
2024-04-17,1,9,19
2024-04-18,7,3,73
2024-04-19,5,4,54
2024-04-20,5,8,58
2024-04-22,6,3,63
2024-04-23,4,1,41
2024-04-24,9,5,95
2024-04-25,2,1,21
2024-04-26,3,3,33
2024-04-27,2,6,26
2024-04-29,2,8,28
2024-04-30,7,4,74
2024-05-01,1,5,15
2024-05-02,6,9,69
2024-05-03,0,5,05
2024-05-04,2,6,26
2024-05-06,6,4,64
2024-05-07,1,0,10
2024-05-08,4,9,49
2024-05-09,7,3,73
2024-05-10,9,8,98
2024-05-11,1,7,17
2024-05-13,1,1,11
2024-05-14,0,0,00
2024-05-15,1,7,17
2024-05-16,8,9,89
2024-05-17,4,0,40
2024-05-18,0,2,02
2024-05-20,6,8,68
2024-05-21,8,1,81
2024-05-22,9,9,99
2024-05-23,1,6,16
2024-05-24,7,6,76
2024-05-25,5,3,53
2024-05-27,8,1,81
2024-05-28,9,5,95
2024-05-29,9,5,95
2024-05-30,6,8,68
2024-05-31,8,8,88
2024-06-01,2,9,29
2024-06-03,8,6,86
2024-06-04,4,9,49
2024-06-05,4,4,44
2024-06-06,7,2,72
2024-06-07,7,4,74
2024-06-08,2,9,29
2024-06-10,3,6,36
2024-06-11,0,8,08
2024-06-12,7,6,76
2024-06-13,7,9,79
2024-06-14,4,3,43
2024-06-15,5,0,50
2024-06-17,0,8,08
2024-06-18,6,0,60
2024-06-19,1,9,19
2024-06-20,5,8,58
2024-06-21,0,1,01
2024-06-22,7,4,74
2024-06-24,9,1,91
2024-06-25,4,0,40
2024-06-26,1,4,14
2024-06-27,8,1,81
2024-06-28,5,7,57
2024-06-29,7,7,77
2024-07-01,4,0,40
2024-07-02,3,3,33
2024-07-03,4,7,47
2024-07-05,4,9,49
2024-07-06,3,8,38
2024-07-08,0,4,04
2024-07-09,8,8,88
2024-07-10,7,6,76
2024-07-11,5,2,52
2024-07-12,2,1,21
2024-07-13,8,6,86
2024-07-15,8,3,83
2024-07-16,7,1,71
2024-07-17,1,7,17
2024-07-18,2,2,22
2024-07-19,6,2,62
2024-07-20,4,6,46
2024-07-22,2,0,20
2024-07-23,3,5,35
2024-07-24,8,9,89
2024-07-25,1,2,12
2024-07-26,3,3,33
2024-07-27,7,3,73
2024-07-29,4,3,43
2024-07-30,4,5,45
2024-07-31,8,0,80
2024-08-01,8,7,87
2024-08-02,1,8,18
2024-08-03,9,1,91
2024-08-05,7,7,77
2024-08-06,2,2,22
2024-08-07,1,3,13
2024-08-08,2,6,26
2024-08-09,5,8,58
2024-08-10,5,8,58
2024-08-12,3,0,30
2024-08-13,2,4,24
2024-08-15,5,5,55
2024-08-16,4,7,47
2024-08-17,2,0,20
2024-08-19,9,6,96
2024-08-20,0,9,09
2024-08-21,0,6,06
2024-08-22,8,8,88
2024-08-23,3,9,39
2024-08-24,7,2,72
2024-08-26,3,0,30
2024-08-27,0,9,09
2024-08-28,6,0,60
2024-08-29,9,7,97
2024-08-30,4,2,42
2024-08-31,7,3,73
2024-09-02,3,8,38
2024-09-03,7,7,77
2024-09-04,8,8,88
2024-09-05,1,4,14
2024-09-06,2,7,27
2024-09-07,8,2,82
2024-09-09,6,4,64
2024-09-10,2,1,21
2024-09-11,4,2,42
2024-09-12,3,1,31
2024-09-13,2,0,20
2024-09-14,8,2,82
2024-09-16,9,6,96
2024-09-17,1,9,19
2024-09-18,6,4,64
2024-09-19,9,9,99
2024-09-20,3,0,30
2024-09-21,2,8,28
2024-09-23,0,6,06
2024-09-24,3,3,33
2024-09-25,3,0,30
2024-09-26,3,0,30
2024-09-27,2,4,24
2024-09-28,6,2,62
2024-09-30,4,5,45
2024-10-01,8,9,89
2024-10-02,0,2,02
2024-10-03,1,0,10
2024-10-04,1,6,16
2024-10-05,9,1,91
2024-10-07,7,4,74
2024-10-08,5,1,51
2024-10-09,3,7,37
2024-10-10,8,1,81
2024-10-11,6,4,64
2024-10-12,6,4,64
2024-10-14,9,9,99
2024-10-15,9,5,95
2024-10-16,7,9,79
2024-10-17,4,5,45
2024-10-18,8,8,88
2024-10-19,2,0,20
2024-10-21,6,1,61
2024-10-22,7,4,74
2024-10-23,7,4,74
2024-10-24,2,1,21
2024-10-25,5,7,57
2024-10-26,5,0,50
2024-10-28,1,4,14
2024-10-29,3,8,38
2024-10-30,5,1,51
2024-10-31,0,4,04
2024-11-01,4,0,40
2024-11-02,5,8,58
2024-11-04,7,4,74
2024-11-06,0,8,08
2024-11-07,9,1,91
2024-11-08,5,3,53
2024-11-09,0,5,05
2024-11-11,6,6,66
2024-11-12,6,4,64
2024-11-13,1,8,18
2024-11-14,7,6,76
2024-11-15,5,3,53
2024-11-16,7,8,78
2024-11-18,9,3,93
2024-11-19,8,4,84
2024-11-20,6,8,68
2024-11-21,4,3,43
2024-11-22,8,9,89
2024-11-23,1,4,14
2024-11-25,2,7,27
2024-11-26,8,3,83
2024-11-27,0,7,07
2024-11-29,5,6,56
2024-11-30,8,7,87
2024-12-02,9,7,97
2024-12-03,1,7,17
2024-12-04,0,3,03
2024-12-05,3,8,38
2024-12-06,3,1,31
2024-12-07,1,8,18
2024-12-09,1,8,18
2024-12-10,0,2,02
2024-12-11,5,5,55
2024-12-12,3,5,35
2024-12-13,3,4,34
2024-12-14,1,3,13
2024-12-16,5,1,51
2024-12-17,5,1,51
2024-12-18,3,5,35
2024-12-19,3,0,30
2024-12-20,1,2,12
2024-12-21,9,6,96
2024-12-23,8,3,83
2024-12-24,6,1,61
2024-12-26,3,0,30
2024-12-27,8,7,87
2024-12-28,5,7,57
2024-12-30,3,2,32
2024-12-31,4,5,45
2025-01-02,5,7,57
2025-01-03,7,5,75
2025-01-04,4,2,42
2025-01-07,8,3,83
2025-01-08,7,0,70
2025-01-09,8,8,88
2025-01-10,0,8,08
2025-01-11,6,5,65
2025-01-13,5,7,57
2025-01-14,4,0,40
2025-01-15,0,4,04
2025-01-16,3,1,31
2025-01-17,9,7,97
2025-01-18,6,8,68
2025-01-20,1,6,16
2025-01-21,6,1,61
2025-01-22,8,0,80
2025-01-23,4,8,48
2025-01-24,7,5,75
2025-01-25,3,3,33
2025-01-27,1,1,11
2025-01-28,5,6,56
2025-01-29,5,9,59
2025-01-30,0,0,00
2025-01-31,6,9,69
2025-02-01,6,2,62
2025-02-03,1,7,17
2025-02-04,3,6,36
2025-02-05,5,1,51
2025-02-06,9,2,92
2025-02-07,1,9,19
2025-02-08,4,5,45
2025-02-10,4,2,42
2025-02-11,0,4,04
2025-02-12,0,8,08
2025-02-13,6,4,64
2025-02-14,0,3,03
2025-02-15,2,0,20
2025-02-17,4,6,46
2025-02-18,7,6,76
2025-02-19,5,5,55
2025-02-20,8,9,89
2025-02-21,1,6,16
2025-02-22,0,3,03
2025-02-24,8,1,81
2025-02-25,4,2,42
2025-02-26,0,4,04
2025-02-27,4,7,47
2025-02-28,6,5,65
2025-03-01,0,5,05
2025-03-03,5,3,53
2025-03-04,0,5,05
2025-03-05,0,7,07
2025-03-06,6,6,66
2025-03-07,7,4,74
2025-03-08,1,0,10
2025-03-10,4,1,41
2025-03-11,0,9,09
2025-03-12,3,9,39
2025-03-13,1,0,10
2025-03-14,4,3,43
2025-03-15,4,1,41
2025-03-17,4,9,49
2025-03-18,9,8,98
2025-03-19,3,6,36
2025-03-20,0,2,02
2025-03-21,8,4,84
2025-03-22,7,4,74
2025-03-24,0,3,03
2025-03-25,0,2,02
2025-03-26,3,2,32
2025-03-27,2,9,29
2025-03-28,5,6,56
2025-03-29,1,3,13
2025-03-31,8,5,85
2025-04-01,9,1,91
2025-04-02,4,7,47
2025-04-03,7,8,78
2025-04-04,4,3,43
2025-04-05,3,4,34
2025-04-07,5,9,59
2025-04-08,1,0,10
2025-04-09,1,5,15
2025-04-10,4,3,43
2025-04-11,0,8,08
2025-04-12,9,5,95
2025-04-14,2,2,22
2025-04-15,2,1,21
2025-04-16,8,8,88
2025-04-17,5,8,58
2025-04-19,7,6,76
2025-04-21,6,7,67
2025-04-22,6,5,65
2025-04-23,8,4,84
2025-04-24,5,7,57
2025-04-25,8,6,86
2025-04-26,7,5,75
2025-04-28,2,5,25
2025-04-29,8,0,80
2025-04-30,7,5,75
2025-05-01,1,1,11
2025-05-02,5,6,56
2025-05-03,8,3,83
2025-05-05,4,5,45
2025-05-06,4,4,44
2025-05-07,2,5,25
2025-05-08,5,6,56
2025-05-09,5,2,52
2025-05-10,7,7,77
2025-05-12,4,7,47
2025-05-13,7,1,71
2025-05-14,1,3,13
2025-05-15,7,2,72
2025-05-16,8,5,85
2025-05-17,0,6,06
2025-05-19,3,1,31
2025-05-20,4,1,41
2025-05-21,8,6,86
2025-05-22,4,3,43
2025-05-23,4,2,42
2025-05-24,3,1,31
2025-05-26,2,4,24
2025-05-27,7,6,76
2025-05-28,0,4,04
2025-05-29,2,5,25
2025-05-30,5,4,54
2025-05-31,8,6,86
2025-06-02,5,5,55
2025-06-03,0,0,00
2025-06-04,8,9,89
2025-06-05,7,6,76
2025-06-06,6,0,60
2025-06-07,8,5,85
2025-06-09,9,6,96
2025-06-10,5,0,50
2025-06-11,7,8,78
2025-06-12,0,3,03
2025-06-13,3,3,33
2025-06-14,2,5,25
2025-06-16,5,7,57
2025-06-17,1,2,12
2025-06-18,6,8,68
2025-06-19,4,7,47
2025-06-20,1,1,11
2025-06-21,9,8,98
2025-06-23,9,6,96
2025-06-24,7,3,73
2025-06-25,1,3,13
2025-06-26,3,3,33
2025-06-27,1,7,17
2025-06-28,9,8,98
2025-06-30,6,8,68
2025-07-01,3,8,38
2025-07-02,8,5,85
2025-07-03,7,2,72
2025-07-05,2,9,29
2025-07-07,9,6,96
2025-07-08,6,0,60
2025-07-09,4,0,40
2025-07-10,8,9,89
2025-07-11,6,2,62
2025-07-12,5,5,55
2025-07-14,5,8,58
2025-07-15,4,7,47
2025-07-16,6,8,68
2025-07-17,5,9,59
2025-07-18,0,7,07
2025-07-19,7,1,71
2025-07-21,5,4,54
2025-07-22,4,9,49
2025-07-23,6,3,63
2025-07-24,0,8,08
2025-07-25,4,1,41
2025-07-26,5,1,51
2025-07-28,1,6,16
2025-07-29,6,7,67
2025-07-30,4,8,48
2025-07-31,7,1,71
2025-08-01,5,1,51
2025-08-02,0,1,01
2025-08-04,4,5,45
2025-08-05,1,3,13
2025-08-06,2,3,23
2025-08-07,8,3,83
2025-08-08,4,1,41
2025-08-09,6,5,65
2025-08-11,3,3,33
2025-08-12,7,9,79
2025-08-13,1,1,11
2025-08-14,4,0,40
2025-08-15,2,5,25
2025-08-16,5,7,57
2025-08-18,4,8,48
2025-08-19,1,9,19
2025-08-20,4,5,45
2025-08-21,9,1,91
2025-08-22,7,0,70
2025-08-23,1,3,13
2025-08-25,8,8,88
2025-08-26,0,1,01
2025-08-27,4,6,46
2025-08-28,9,7,97
2025-08-29,8,2,82
2025-08-30,8,0,80
2025-09-01,6,7,67
2025-09-02,9,9,99
2025-09-03,8,4,84
2025-09-04,8,5,85
2025-09-05,0,6,06
2025-09-06,3,1,31
2025-09-08,8,0,80
2025-09-09,8,6,86
2025-09-10,1,2,12
2025-09-11,4,2,42
2025-09-12,2,8,28
2025-09-13,0,0,00
2025-09-15,9,7,97
2025-09-16,2,0,20
2025-09-17,4,5,45
2025-09-18,0,8,08
2025-09-19,4,4,44
2025-09-20,6,5,65
2025-09-22,7,9,79
2025-09-23,7,6,76
2025-09-24,3,1,31
2025-09-25,3,4,34
2025-09-26,7,8,78
2025-09-27,9,9,99
2025-09-29,2,8,28
2025-09-30,3,4,34
2025-10-01,9,6,96
2025-10-02,3,2,32
2025-10-03,6,0,60
2025-10-04,4,2,42
2025-10-06,3,4,34
2025-10-07,8,1,81
2025-10-08,6,4,64
2025-10-09,7,1,71
2025-10-10,1,2,12
2025-10-11,8,7,87
2025-10-13,5,0,50
2025-10-14,8,2,82
2025-10-15,6,5,65
2025-10-16,4,3,43
2025-10-17,3,6,36
2025-10-18,8,4,84
2025-10-20,9,7,97
2025-10-21,5,6,56
2025-10-22,5,3,53
2025-10-23,8,8,88
2025-10-24,9,2,92
2025-10-25,8,6,86
2025-10-27,5,1,51
2025-10-28,9,4,94
2025-10-29,5,2,52
2025-10-30,2,4,24
2025-10-31,1,3,13
2025-11-01,2,1,21
2025-11-03,4,4,44
2025-11-04,1,4,14
2025-11-05,6,2,62
2025-11-06,9,7,97
2025-11-07,4,2,42
2025-11-08,6,5,65
2025-11-10,3,3,33
2025-11-11,7,4,74
2025-11-12,4,6,46
2025-11-13,3,0,30
2025-11-14,3,9,39
2025-11-15,7,7,77
2025-11-17,4,4,44
2025-11-18,7,0,70
2025-11-19,0,8,08
2025-11-20,7,3,73
2025-11-21,3,7,37
2025-11-22,0,9,09
2025-11-24,5,8,58
2025-11-25,1,7,17
2025-11-26,0,7,07
2025-11-28,9,8,98
2025-11-29,4,1,41
2025-12-01,8,9,89
2025-12-02,8,4,84
2025-12-03,7,7,77
2025-12-04,4,2,42
2025-12-05,9,3,93
2025-12-06,4,1,41
2025-12-08,0,0,00
2025-12-09,9,3,93
2025-12-10,0,9,09
2025-12-11,1,7,17
2025-12-12,3,0,30
2025-12-13,7,6,76
2025-12-15,2,4,24
2025-12-16,2,9,29
2025-12-17,3,3,33
2025-12-18,4,0,40
2025-12-19,3,0,30
2025-12-20,7,3,73
2025-12-22,2,3,23
2025-12-23,3,9,39
2025-12-24,7,9,79
2025-12-26,8,3,83
2025-12-27,0,7,07
2025-12-29,8,7,87
2025-12-30,1,8,18
2025-12-31,4,3,43
2026-01-02,2,0,20
2026-01-03,1,1,11
2026-01-05,9,7,97
2026-01-07,7,5,75
2026-01-08,9,5,95
2026-01-09,9,1,91
2026-01-10,1,8,18
2026-01-12,7,1,71
2026-01-13,8,8,88
2026-01-14,7,3,73
2026-01-15,3,2,32
2026-01-16,0,5,05
2026-01-17,0,9,09
2026-01-19,4,0,40
2026-01-20,5,0,50
2026-01-21,0,2,02
2026-01-22,5,8,58
2026-01-23,7,5,75
2026-01-24,6,5,65
2026-01-26,4,9,49
2026-01-27,5,3,53
2026-01-28,6,3,63
2026-01-29,4,7,47
2026-01-30,1,5,15
2026-01-31,5,2,52
2026-02-02,5,9,59
2026-02-03,3,7,37
2026-02-04,5,1,51
2026-02-05,9,7,97
2026-02-06,7,1,71
2026-02-07,3,6,36
2026-02-09,4,9,49
2026-02-10,7,2,72
2026-02-11,7,5,75
2026-02-12,5,9,59
2026-02-13,9,1,91
2026-02-14,9,6,96
2026-02-16,4,1,41
2026-02-17,0,3,03
2026-02-18,5,2,52
2026-02-19,9,2,92
2026-02-20,1,7,17
2026-02-21,1,6,16
2026-02-23,0,6,06
2026-02-24,5,6,56
2026-02-25,6,8,68
2026-02-26,4,9,49
2026-02-27,2,6,26
2026-02-28,5,0,50
2026-03-02,1,8,18
2026-03-03,6,4,64
2026-03-04,1,7,17
2026-03-05,6,3,63
2026-03-06,3,0,30
2026-03-07,7,7,77
2026-03-09,6,2,62
2026-03-10,1,5,15
2026-03-11,8,6,86
2026-03-12,2,0,20
2026-03-13,8,9,89
2026-03-14,3,9,39
2026-03-16,7,6,76
2026-03-17,5,8,58
2026-03-18,4,9,49
2026-03-19,9,1,91
2026-03-20,2,6,26
2026-03-21,3,5,35
2026-03-23,9,2,92
2026-03-24,7,7,77
2026-03-25,6,6,66
2026-03-26,2,1,21
2026-03-27,6,1,61
2026-03-28,3,3,33
2026-03-30,7,8,78
2026-03-31,5,8,58
2026-04-01,3,3,33
2026-04-02,1,3,13
2026-04-04,0,7,07
2026-04-06,9,4,94
2026-04-07,9,2,92
2026-04-08,9,6,96
2026-04-09,2,8,28
2026-04-10,6,1,61
2026-04-11,5,8,58
2026-04-13,1,4,14
2026-04-14,2,5,25
2026-04-15,1,2,12
2026-04-16,1,8,18
2026-04-17,4,0,40
2026-04-18,6,8,68
2026-04-20,7,1,71
2026-04-21,6,8,68
2026-04-22,2,9,29
2026-04-23,5,3,53
2026-04-24,4,5,45
2026-04-25,2,9,29
2026-04-27,1,6,16
2026-04-28,0,2,02
2026-04-29,4,4,44
2026-04-30,6,6,66
2026-05-01,1,3,13
2026-05-02,9,7,97
2026-05-04,7,4,74
2026-05-05,6,1,61
2026-05-06,7,1,71
2026-05-07,6,0,60
2026-05-08,8,3,83
2026-05-09,1,0,10
2026-05-11,3,2,32
2026-05-12,3,7,37
2026-05-13,7,8,78
2026-05-14,0,4,04
2026-05-15,5,9,59
2026-05-16,9,9,99
2026-05-18,2,2,22
2026-05-19,3,4,34
2026-05-20,9,7,97
2026-05-21,6,6,66
2026-05-22,3,6,36
2026-05-23,8,4,84
2026-05-25,8,9,89
2026-05-26,4,6,46
2026-05-27,8,3,83
2026-05-28,1,0,10
2026-05-29,9,0,90
2026-05-30,9,2,92
2026-06-01,9,5,95
2026-06-02,1,0,10
2026-06-03,8,5,85
2026-06-04,4,5,45
2026-06-05,2,1,21
2026-06-06,1,8,18
2026-06-08,9,0,90
2026-06-09,3,2,32
2026-06-10,1,3,13
2026-06-11,2,4,24
2026-06-12,6,7,67
2026-06-13,7,3,73
2026-06-15,2,1,21
2026-06-16,3,9,39
2026-06-17,2,6,26
2026-06-18,9,1,91
2026-06-19,1,7,17
2026-06-20,0,0,00
2026-06-22,0,1,01
2026-06-23,2,6,26
2026-06-24,7,0,70
2026-06-25,7,6,76
2026-06-26,7,8,78
2026-06-27,6,2,62
2026-06-29,8,8,88
2026-06-30,4,2,42
2026-07-01,0,4,04
